candidate_id,pdb_path,VH_seq,VL_seq,H3_seq,VH_len,VL_len,H3_len,status,method
run1_0_dldesign_0,/content/drive/MyDrive/Algo/6CO3/AB_outputs/protein_mpnn/run1_0_dldesign_0.pdb,QVQLVESGGGVVQPGRSLRLSCAASGLDFSTGGMHWVRQAPGKGLEWVAVIDSNGKGKYYTDSVKGRFTISRDNSKNTLYLQMNTLRAEDTAVYYCARYRQPGNLWGWGKGTTVTVSSAS,DIQMTQSPSSLSASVGDRVTITAKTSSPTGSNKPVGWYQQKPGKAPKLLIYRASKRAGGVPSRFSGSGSGTDFTLTISSLQPEDFATYYFSVYSEGQPLGFGGGTKVEIKRTV,RYRQPGNLW,120,113,9,ok,REMARK_PDBinfo-LABEL
run1_10_dldesign_0,/content/drive/MyDrive/Algo/6CO3/AB_outputs/protein_mpnn/run1_10_dldesign_0.pdb,QVQLVESGGGVVQPGRSLRLSCAASGLDLSKGGMHWVRQAPGKGLEWVAVIDSDGGGKYYTDSVKGRFTISRDNSKNTLYLQMNTLRAEDTAVYYCARPLDPENLFGALSGWGKGTTVTVSSAS,DIQMTQSPSSLSASVGDRVTITAKADAPGVGWYQQKPGKAPKLLIYNSSTRVGGVPSRFSGSGSGTDFTLTISSLQPEDFATYYFENNNTTTNRGFGGGTKVEIKRTV,RPLDPENLFGALS,124,108,13,ok,REMARK_PDBinfo-LABEL
run1_11_dldesign_0,/content/drive/MyDrive/Algo/6CO3/AB_outputs/protein_mpnn/run1_11_dldesign_0.pdb,QVQLVESGGGVVQPGRSLRLSCAASGLDFSKGGMHWVRQAPGKGLEWVAVVSPDGEGKYYTDSVKGRFTISRDNSKNTLYLQMNTLRAEDTAVYYCALLSGLSGSGWGKGTTVTVSSAS,DIQMTQSPSSLSASVGDRVTITAKLSRPVPVPSSVGWYQQKPGKAPKLLIYGANNRPGGVPSRFSGSGSGTDFTLTISSLQPEDFATYYFSSSAAVPYGFGGGTKVEIKRTV,LLSGLSGS,119,112,8,ok,REMARK_PDBinfo-LABEL
run1_12_dldesign_0,/content/drive/MyDrive/Algo/6CO3/AB_outputs/protein_mpnn/run1_12_dldesign_0.pdb,QVQLVESGGGVVQPGRSLRLSCAASGWDFSKGGMHWVRQAPGKGLEWVAVVDSDGDGKYYTDSVKGRFTISRDNSKNTLYLQMNTLRAEDTAVYYCARAKDDGDTLWGWGKGTTVTVSSAS,DIQMTQSPSSLSASVGDRVTITGSTSSAVDSVGWYQQKPGKAPKLLIYNASTRAGGVPSRFSGSGSGTDFTLTISSLQPEDFATYYQSALDDKGNLGFGGGTKVEIKRTV,RAKDDGDTLW,121,110,10,ok,REMARK_PDBinfo-LABEL
run1_13_dldesign_0,/content/drive/MyDrive/Algo/6CO3/AB_outputs/protein_mpnn/run1_13_dldesign_0.pdb,QVQLVESGGGVVQPGRSLRLSCAASGIDFSKGGMHWVRQAPGKGLEWVAVINADGKGKYYTDSVKGRFTISRDNSKNTLYLQMNTLRAEDTAVYYCARGARMEGWGKGTTVTVSSAS,DIQMTQSPSSLSASVGDRVTITAHASDDNIGWYQQKPGKAPKLLIYDVSDRVGGVPSRFSGSGSGTDFTLTISSLQPEDFATYYQVTLDSEPMGFGGGTKVEIKRTV,RGARME,117,107,6,ok,REMARK_PDBinfo-LABEL
run1_14_dldesign_0,/content/drive/MyDrive/Algo/6CO3/AB_outputs/protein_mpnn/run1_14_dldesign_0.pdb,QVQLVESGGGVVQPGRSLRLSCAATGYDLTDGGMHWVRQAPGKGLEWVAVITADGKGKYYTDSVKGRFTISRDNSKNTLYLQMNTLRAEDTAVYYCARQSGTSNAPSGWGKGTTVTVSSAS,DIQMTQSPSSLSASVGDRVTITSKGDNDIFGWYQQKPGKAPKLLIYNGSVRVGGVPSRFSGSGSGTDFTLTISSLQPEDFATYYSYAYNDNGLLGFGGGTKVEIKRTV,RQSGTSNAPS,121,108,10,ok,REMARK_PDBinfo-LABEL
run1_15_dldesign_0,/content/drive/MyDrive/Algo/6CO3/AB_outputs/protein_mpnn/run1_15_dldesign_0.pdb,QVQLVESGGGVVQPGRSLRLSCAASGFNLKTGGMHWVRQAPGKGLEWVAVISADGKGKYYTDSVKGRFTISRDNSKNTLYLQMNTLRAEDTAVYYCAYGLTNLIPVGWGKGTTVTVSSAS,DIQMTQSPSSLSASVGDRVTITASTSRPVYNIGWYQQKPGKAPKLLIYQISVRAGGVPSRFSGSGSGTDFTLTISSLQPEDFATYYFWVSETPENYGFGGGTKVEIKRTV,YGLTNLIPV,120,110,9,ok,REMARK_PDBinfo-LABEL
run1_16_dldesign_0,/content/drive/MyDrive/Algo/6CO3/AB_outputs/protein_mpnn/run1_16_dldesign_0.pdb,QVQLVESGGGVVQPGRSLRLSCAASGFDFSDGGMHWVRQAPGKGLEWVAVIDDDGLGKYYTDSVKGRFTISRDNSKNTLYLQMNTLRAEDTAVYYCAYGDDAPDGWGKGTTVTVSSAS,DIQMTQSPSSLSASVGDRVTITSKTSSPPLGATGVGWYQQKPGKAPKLLIYNTSTRVGGVPSRFSGSGSGTDFTLTISSLQPEDFATYYSRLGVSSSGPGFGGGTKVEIKRTV,YGDDAPD,118,113,7,ok,REMARK_PDBinfo-LABEL
run1_17_dldesign_0,/content/drive/MyDrive/Algo/6CO3/AB_outputs/protein_mpnn/run1_17_dldesign_0.pdb,QVQLVESGGGVVQPGRSLRLSCAASGFDFSKGGMHWVRQAPGKGLEWVAVVSPDGKGKYYTDSVKGRFTISRDNSKNTLYLQMNTLRAEDTAVYYCAWGETTFPTGWGKGTTVTVSSAS,DIQMTQSPSSLSASVGDRVTITFKTDTATLVGWYQQKPGKAPKLLIYNNSVRVGGVPSRFSGSGSGTDFTLTISSLQPEDFATYYAQNISSLPIGFGGGTKVEIKRTV,WGETTFPT,119,108,8,ok,REMARK_PDBinfo-LABEL
run1_18_dldesign_0,/content/drive/MyDrive/Algo/6CO3/AB_outputs/protein_mpnn/run1_18_dldesign_0.pdb,QVQLVESGGGVVQPGRSLRLSCAASGFDFSAGGMHWVRQAPGKGLEWVAVISSNGDGKYYTDSVKGRFTISRDNSKNTLYLQMNTLRAEDTAVYYCARSSRISFDPFLSGWGKGTTVTVSSAS,DIQMTQSPSSLSASVGDRVTITGKLSKAPVTDDSVGWYQQKPGKAPKLLIYGTSSRAGGVPSRFSGSGSGTDFTLTISSLQPEDFATYYQSVFDENGNLGFGGGTKVEIKRTV,RSSRISFDPFLS,123,113,12,ok,REMARK_PDBinfo-LABEL
run1_19_dldesign_0,/content/drive/MyDrive/Algo/6CO3/AB_outputs/protein_mpnn/run1_19_dldesign_0.pdb,QVQLVESGGGVVQPGRSLRLSCAASGLDITDGGMHWVRQAPGKGLEWVAVINGDGGGKYYTDSVKGRFTISRDNSKNTLYLQMNTLRAEDTAVYYCASGLWMEGWGKGTTVTVSSAS,DIQMTQSPSSLSASVGDRVTITFSTSEGVGLSIGWYQQKPGKAPKLLIYNAFNRAGGVPSRFSGSGSGTDFTLTISSLQPEDFATYYAATYSQELKIGFGGGTKVEIKRTV,SGLWME,117,111,6,ok,REMARK_PDBinfo-LABEL
run1_1_dldesign_0,/content/drive/MyDrive/Algo/6CO3/AB_outputs/protein_mpnn/run1_1_dldesign_0.pdb,QVQLVESGGGVVQPGRSLRLSCAASGVDLSYGGMHWVRQAPGKGLEWVAVITHDGKGKYYTDSVKGRFTISRDNSKNTLYLQMNTLRAEDTAVYYCALSFFEGPMLGWGKGTTVTVSSAS,DIQMTQSPSSLSASVGDRVTITAKSTGGGVGWYQQKPGKAPKLLIQNTSTRVGGVPSRFSGSGSGTDFTLTISSLQPEDFATYYQYSLNSNGNYGFGGGTKVEIKRTV,LSFFEGPML,120,108,9,ok,REMARK_PDBinfo-LABEL
run1_20_dldesign_0,/content/drive/MyDrive/Algo/6CO3/AB_outputs/protein_mpnn/run1_20_dldesign_0.pdb,QVQLVESGGGVVQPGRSLRLSCAASGLDFSKGGMHWVRQAPGKGLEWVAVISPDGEGKYYTDSVKGRFTISRDNSKNTLYLQMNTLRAEDTAVYYCALEKSLNRFEGWGKGTTVTVSSAS,DIQMTQSPSSLSASVGDRVTITSSSSRATAVGWYQQKPGKAPKLLIYNNGTRVGGVPSRFSGSGSGTDFTLTISSLQPEDFATYYAWARDANGKIGFGGGTKVEIKRTV,LEKSLNRFE,120,109,9,ok,REMARK_PDBinfo-LABEL
run1_21_dldesign_0,/content/drive/MyDrive/Algo/6CO3/AB_outputs/protein_mpnn/run1_21_dldesign_0.pdb,QVQLVESGGGVVQPGRSLRLSCAASGLNFATGGMHWVRQAPGKGLEWVAVVDPAGDGKYYTDSVKGRFTISRDNSKNTLYLQMNTLRAEDTAVYYCARGDPMSGWGKGTTVTVSSAS,DIQMTQSPSSLSASVGDRVTITGTLSSAPRDPTDVGWYQQKPGKAPKLLITDASLRQGGVPSRFSGSGSGTDFTLTISSLQPEDFATYYQRDTSSRPYGFGGGTKVEIKRTV,RGDPMS,117,112,6,ok,REMARK_PDBinfo-LABEL
run1_22_dldesign_0,/content/drive/MyDrive/Algo/6CO3/AB_outputs/protein_mpnn/run1_22_dldesign_0.pdb,QVQLVESGGGVVQPGRSLRLSCAASGLDLSLGGMHWVRQAPGKGLEWVAVISADGKGKYYTDSVKGRFTISRDNSKNTLYLQMNTLRAEDTAVYYCALAPDEDYMWGWGKGTTVTVSSAS,DIQMTQSPSSLSASVGDRVTITGKTSSWTPILDIGWYQQKPGKAPKLLIESGSLRPGGVPSRFSGSGSGTDFTLTISSLQPEDFATYYQQVTSGPGVGFGGGTKVEIKRTV,LAPDEDYMW,120,111,9,ok,REMARK_PDBinfo-LABEL
run1_23_dldesign_0,/content/drive/MyDrive/Algo/6CO3/AB_outputs/protein_mpnn/run1_23_dldesign_0.pdb,QVQLVESGGGVVQPGRSLRLSCAASGFDFSKGGMHWVRQAPGKGLEWVAVINADGTGKYYTDSVKGRFTISRDNSKNTLYLQMNTLRAEDTAVYYCARGPGQPGVDPALRGWGKGTTVTVSSAS,DIQMTQSPSSLSASVGDRVTITSTADADGVGWYQQKPGKAPKLLIYNASTRVGGVPSRFSGSGSGTDFTLTISSLQPEDFATYYAYVYDYATQNLGFGGGTKVEIKRTV,RGPGQPGVDPALR,124,109,13,ok,REMARK_PDBinfo-LABEL
run1_24_dldesign_0,/content/drive/MyDrive/Algo/6CO3/AB_outputs/protein_mpnn/run1_24_dldesign_0.pdb,QVQLVESGGGVVQPGRSLRLSCAASGLDFSTGGMHWVRQAPGKGLEWVAVIDAFGTGKYYTDSVKGRFTISRDNSKNTLYLQMNTLRAEDTAVYYCARSAGGNAGNFPSGWGKGTTVTVSSAS,DIQMTQSPSSLSASVGDRVTITFKTSTEVDADDIGWYQQKPGKAPKLLIYGSSFVAGGVPSRFSGSGSGTDFTLTISSLQPEDFATYYGVVRSRPPIGFGGGTKVEIKRTV,RSAGGNAGNFPS,123,111,12,ok,REMARK_PDBinfo-LABEL
run1_25_dldesign_0,/content/drive/MyDrive/Algo/6CO3/AB_outputs/protein_mpnn/run1_25_dldesign_0.pdb,QVQLVESGGGVVQPGRSLRLSCAASGFDLSVGGMHWVRQAPGKGLEWVAVISSDGSGKYYTDSVKGRFTISRDNSKNTLYLQMNTLRAEDTAVYYCARAPTIDSSAWWGWGKGTTVTVSSAS,DIQMTQSPSSLSASVGDRVTITNKASEPTDVGWYQQKPGKAPKLLIYDTSGRLGGVPSRFSGSGSGTDFTLTISSLQPEDFATYYQVTTSKSPFGFGGGTKVEIKRTV,RAPTIDSSAWW,122,108,11,ok,REMARK_PDBinfo-LABEL
run1_26_dldesign_0,/content/drive/MyDrive/Algo/6CO3/AB_outputs/protein_mpnn/run1_26_dldesign_0.pdb,QVQLVESGGGVVQPGRSLRLSCAASGWDLSRGGMHWVRQAPGKGLEWVAVIDPGGAGKYYTDSVKGRFTISRDNSKNTLYLQMNTLRAEDTAVYYCARNAGGVLDNSLTGWGKGTTVTVSSAS,DIQMTQSPSSLSASVGDRVTITSKSDVGTVGWYQQKPGKAPKLLITNTSTRVGGVPSRFSGSGSGTDFTLTISSLQPEDFATYYAWTFDYATGLLGFGGGTKVEIKRTV,RNAGGVLDNSLT,123,109,12,ok,REMARK_PDBinfo-LABEL
run1_27_dldesign_0,/content/drive/MyDrive/Algo/6CO3/AB_outputs/protein_mpnn/run1_27_dldesign_0.pdb,QVQLVESGGGVVQPGRSLRLSCAASGLDLSTGGMHWVRQAPGKGLEWVAVIDADGTGKYYTDSVKGRFTISRDNSKNTLYLQMNTLRAEDTAVYYCALPFAGFAGWGKGTTVTVSSAS,DIQMTQSPSSLSASVGDRVTITSSLSEPPDDEYDVGWYQQKPGKAPKLLIVGVSFNVGGVPSRFSGSGSGTDFTLTISSLQPEDFATYYSVVEDDDQIGFGGGTKVEIKRTV,LPFAGFA,118,112,7,ok,REMARK_PDBinfo-LABEL
run1_28_dldesign_0,/content/drive/MyDrive/Algo/6CO3/AB_outputs/protein_mpnn/run1_28_dldesign_0.pdb,QVQLVESGGGVVQPGRSLRLSCAASGVDFTSGGMHWVRQAPGKGLEWVAVVSANGKGKYYTDSVKGRFTISRDNSKNTLYLQMNTLRAEDTAVYYCAQSSAGGAPWGWGKGTTVTVSSAS,DIQMTQSPSSLSASVGDRVTITSKTSRPVPASRVGWYQQKPGKAPKLLIEAASTRVGGVPSRFSGSGSGTDFTLTISSLQPEDFATYYSYVYDEETRMLGFGGGTKVEIKRTV,QSSAGGAPW,120,113,9,ok,REMARK_PDBinfo-LABEL
run1_29_dldesign_0,/content/drive/MyDrive/Algo/6CO3/AB_outputs/protein_mpnn/run1_29_dldesign_0.pdb,QVQLVESGGGVVQPGRSLRLSCAASGLDFSKGGMHWVRQAPGKGLEWVAVITRDGEGKYYTDSVKGRFTISRDNSKNTLYLQMNTLRAEDTAVYYCAREPLDGWGKGTTVTVSSAS,DIQMTQSPSSLSASVGDRVTITGKSSSPLTIPNSFGWYQQKPGKAPKLLIWNTSKRVGGVPSRFSGSGSGTDFTLTISSLQPEDFATYYQFSQEITGSLGFGGGTKVEIKRTV,REPLD,116,113,5,ok,REMARK_PDBinfo-LABEL
run1_2_dldesign_0,/content/drive/MyDrive/Algo/6CO3/AB_outputs/protein_mpnn/run1_2_dldesign_0.pdb,QVQLVESGGGVVQPGRSLRLSCAASGFDFTNGGMHWVRQAPGKGLEWVAVINADGKGKYYTDSVKGRFTISRDNSKNTLYLQMNTLRAEDTAVYYCARSLTTGSTALSGWGKGTTVTVSSAS,DIQMTQSPSSLSASVGDRVTITFKTSKPVPLDYVGWYQQKPGKAPKLLIYGANRRAGGVPSRFSGSGSGTDFTLTISSLQPEDFATYYGYVYDPETQNLGFGGGTKVEIKRTV,RSLTTGSTALS,122,113,11,ok,REMARK_PDBinfo-LABEL
run1_30_dldesign_0,/content/drive/MyDrive/Algo/6CO3/AB_outputs/protein_mpnn/run1_30_dldesign_0.pdb,QVQLVESGGGVVQPGRSLRLSCAATEGWFGVGGMHWVRQAPGKGLEWVAVLVSNGAGKYYTDSVKGRFTISRDNSKNTLYLQMNTLRAEDTAVYYCARGLESGLPLPGWGKGTTVTVSSAS,DIQMTQSPSSLSASVGDRVTITFTGGSGAPTNVGWYQQKPGKAPKLLITGTSNLSGGVPSRFSGSGSGTDFTLTISSLQPEDFATYYGLLIYTYGIGFGGGTKVEIKRTV,RGLESGLPLP,121,110,10,ok,REMARK_PDBinfo-LABEL
run1_31_dldesign_0,/content/drive/MyDrive/Algo/6CO3/AB_outputs/protein_mpnn/run1_31_dldesign_0.pdb,QVQLVESGGGVVQPGRSLRLSCAASGVDLTAGGMHWVRQAPGKGLEWVAVISADGKGKYYTDSVKGRFTISRDNSKNTLYLQMNTLRAEDTAVYYCARSAGGSGFGTLSGWGKGTTVTVSSAS,DIQMTQSPSSLSASVGDRVTITAKSSTSTNVGWYQQKPGKAPKLLINFADANAGGVPSRFSGSGSGTDFTLTISSLQPEDFATYYFWAYDKATKTLGFGGGTKVEIKRTV,RSAGGSGFGTLS,123,110,12,ok,REMARK_PDBinfo-LABEL
run1_32_dldesign_0,/content/drive/MyDrive/Algo/6CO3/AB_outputs/protein_mpnn/run1_32_dldesign_0.pdb,QVQLVESGGGVVQPGRSLRLSCAASGLDLSDGGMHWVRQAPGKGLEWVAVISSDGSGKYYTDSVKGRFTISRDNSKNTLYLQMNTLRAEDTAVYYCARGIWTQGWGKGTTVTVSSAS,DIQMTQSPSSLSASVGDRVTITFRTSRPVGDNVGWYQQKPGKAPKLLIRNTSQRVGGVPSRFSGSGSGTDFTLTISSLQPEDFATYYGYVHDRVAGDYGFGGGTKVEIKRTV,RGIWTQ,117,112,6,ok,REMARK_PDBinfo-LABEL
run1_33_dldesign_0,/content/drive/MyDrive/Algo/6CO3/AB_outputs/protein_mpnn/run1_33_dldesign_0.pdb,QVQLVESGGGVVQPGRSLRLSCAASGIDLRGGGMHWVRQAPGKGLEWVAVINADGLGKYYTDSVKGRFTISRDNSKNTLYLQMNTLRAEDTAVYYCALGWPGSGWGKGTTVTVSSAS,DIQMTQSPSSLSASVGDRVTITGKASKPAFFGWYQQKPGKAPKLLIYEASLRVGGVPSRFSGSGSGTDFTLTISSLQPEDFATYYQVAFGDWSGPGFGGGTKVEIKRTV,LGWPGS,117,109,6,ok,REMARK_PDBinfo-LABEL
run1_34_dldesign_0,/content/drive/MyDrive/Algo/6CO3/AB_outputs/protein_mpnn/run1_34_dldesign_0.pdb,QVQLVESGGGVVQPGRSLRLSCAASGLDLSEGGMHWVRQAPGKGLEWVAVIDSDGTGKYYTDSVKGRFTISRDNSKNTLYLQMNTLRAEDTAVYYCARSGLRGWGKGTTVTVSSAS,DIQMTQSPSSLSASVGDRVTITFKTSSPVPFESYGWYQQKPGKAPKLLIYAGDINVGGVPSRFSGSGSGTDFTLTISSLQPEDFATYYGYVRTPDGKLGFGGGTKVEIKRTV,RSGLR,116,112,5,ok,REMARK_PDBinfo-LABEL
run1_35_dldesign_0,/content/drive/MyDrive/Algo/6CO3/AB_outputs/protein_mpnn/run1_35_dldesign_0.pdb,QVQLVESGGGVVQPGRSLRLSCAASGFDLSKGGMHWVRQAPGKGLEWVAVIDSSGKGKYYTDSVKGRFTISRDNSKNTLYLQMNTLRAEDTAVYYCARSLAENSPFLSGWGKGTTVTVSSAS,DIQMTQSPSSLSASVGDRVTITGKTSRPVGDWVGWYQQKPGKAPKLLIYNTSKRAGGVPSRFSGSGSGTDFTLTISSLQPEDFATYYQYVWDPRTKDLGFGGGTKVEIKRTV,RSLAENSPFLS,122,112,11,ok,REMARK_PDBinfo-LABEL
run1_36_dldesign_0,/content/drive/MyDrive/Algo/6CO3/AB_outputs/protein_mpnn/run1_36_dldesign_0.pdb,QVQLVESGGGVVQPGRSLRLSCAASGLDFTAGGMHWVRQAPGKGLEWVAVVNAGGAGKYYTDSVKGRFTISRDNSKNTLYLQMNTLRAEDTAVYYCARSLTPGSAALYGWGKGTTVTVSSAS,DIQMTQSPSSLSASVGDRVTITFKTSVPVPATLIGWYQQKPGKAPKLLITAASQRVGGVPSRFSGSGSGTDFTLTISSLQPEDFATYYQWVYDSATQNLGFGGGTKVEIKRTV,RSLTPGSAALY,122,113,11,ok,REMARK_PDBinfo-LABEL
run1_37_dldesign_0,/content/drive/MyDrive/Algo/6CO3/AB_outputs/protein_mpnn/run1_37_dldesign_0.pdb,QVQLVESGGGVVQPGRSLRLSCAASGLDFSKGGMHWVRQAPGKGLEWVAVIDSLGLGKYYTDSVKGRFTISRDNSKNTLYLQMNTLRAEDTAVYYCANDGLRGWGKGTTVTVSSAS,DIQMTQSPSSLSASVGDRVTITFKTSRPALAPGSVGWYQQKPGKAPKLLIRNTSVREGGVPSRFSGSGSGTDFTLTISSLQPEDFATYYGVVRDLENSQLGFGGGTKVEIKRTV,NDGLR,116,114,5,ok,REMARK_PDBinfo-LABEL
run1_38_dldesign_0,/content/drive/MyDrive/Algo/6CO3/AB_outputs/protein_mpnn/run1_38_dldesign_0.pdb,QVQLVESGGGVVQPGRSLRLSCAASGLDFSAGGMHWVRQAPGKGLEWVAVIDSGGGGKYYTDSVKGRFTISRDNSKNTLYLQMNTLRAEDTAVYYCARDLGGTKAASGWGKGTTVTVSSAS,DIQMTQSPSSLSASVGDRVTITSKTSAPVSDVGWYQQKPGKAPKLLIYNISTRAGGVPSRFSGSGSGTDFTLTISSLQPEDFATYYSSVWSNNGKLGFGGGTKVEIKRTV,RDLGGTKAAS,121,110,10,ok,REMARK_PDBinfo-LABEL
run1_39_dldesign_0,/content/drive/MyDrive/Algo/6CO3/AB_outputs/protein_mpnn/run1_39_dldesign_0.pdb,QVQLVESGGGVVQPGRSLRLSCAASGLDLSAGGMHWVRQAPGKGLEWVAVISADGFGKYYTDSVKGRFTISRDNSKNTLYLQMNTLRAEDTAVYYCALDTPGYAGWGKGTTVTVSSAS,DIQMTQSPSSLSASVGDRVTITFKTSSPVGSSIGWYQQKPGKAPKLLIYQTSYRAGGVPSRFSGSGSGTDFTLTISSLQPEDFATYYARVVGSEPEGFGGGTKVEIKRTV,LDTPGYA,118,110,7,ok,REMARK_PDBinfo-LABEL
run1_3_dldesign_0,/content/drive/MyDrive/Algo/6CO3/AB_outputs/protein_mpnn/run1_3_dldesign_0.pdb,QVQLVESGGGVVQPGRSLRLSCAASGFDFTSGGMHWVRQAPGKGLEWVAVVNNSGDGKYYTDSVKGRFTISRDNSKNTLYLQMNTLRAEDTAVYYCARLAGPLGNSFGVGWGKGTTVTVSSAS,DIQMTQSPSSLSASVGDRVTITSSLSEADSNIGWYQQKPGKAPKLLIYAVTERAGGVPSRFSGSGSGTDFTLTISSLQPEDFATYYAEETSHYPHGFGGGTKVEIKRTV,RLAGPLGNSFGV,123,109,12,ok,REMARK_PDBinfo-LABEL
run1_40_dldesign_0,/content/drive/MyDrive/Algo/6CO3/AB_outputs/protein_mpnn/run1_40_dldesign_0.pdb,QVQLVESGGGVVQPGRSLRLSCAASGFDLSTGGMHWVRQAPGKGLEWVAVISADGTGKYYTDSVKGRFTISRDNSKNTLYLQMNTLRAEDTAVYYCARSLASGSITSFPSGWGKGTTVTVSSAS,DIQMTQSPSSLSASVGDRVTITAKSSSSVDADKYGWYQQKPGKAPKLLIYGSSFRAGGVPSRFSGSGSGTDFTLTISSLQPEDFATYYFVVRSDDGKYGFGGGTKVEIKRTV,RSLASGSITSFPS,124,112,13,ok,REMARK_PDBinfo-LABEL
run1_41_dldesign_0,/content/drive/MyDrive/Algo/6CO3/AB_outputs/protein_mpnn/run1_41_dldesign_0.pdb,QVQLVESGGGVVQPGRSLRLSCAASGIDFRQGGMHWVRQAPGKGLEWVAVISSDGKGKYYTDSVKGRFTISRDNSKNTLYLQMNTLRAEDTAVYYCARLTNRSLSGWGKGTTVTVSSAS,DIQMTQSPSSLSASVGDRVTITFSTSRPVPLDNVGWYQQKPGKAPKLLIYAGSSRAGGVPSRFSGSGSGTDFTLTISSLQPEDFATYYGAVYDPETNLLGFGGGTKVEIKRTV,RLTNRSLS,119,113,8,ok,REMARK_PDBinfo-LABEL
run1_42_dldesign_0,/content/drive/MyDrive/Algo/6CO3/AB_outputs/protein_mpnn/run1_42_dldesign_0.pdb,QVQLVESGGGVVQPGRSLRLSCAASGVNLTKGGMHWVRQAPGKGLEWVAVISNDGEGKYYTDSVKGRFTISRDNSKNTLYLQMNTLRAEDTAVYYCAMSLKGSTAAYGWGKGTTVTVSSAS,DIQMTQSPSSLSASVGDRVTITSKSSSSTSVGWYQQKPGKAPKLLIYNASTRAGGVPSRFSGSGSGTDFTLTISSLQPEDFATYYAEQTSTTPRGFGGGTKVEIKRTV,MSLKGSTAAY,121,108,10,ok,REMARK_PDBinfo-LABEL
run1_43_dldesign_0,/content/drive/MyDrive/Algo/6CO3/AB_outputs/protein_mpnn/run1_43_dldesign_0.pdb,QVQLVESGGGVVQPGRSLRLSCAAEGYDLEDGGMHWVRQAPGKGLEWVAVINENGEGKYYTDSVKGRFTISRDNSKNTLYLQMNTLRAEDTAVYYCARVNPASFAPHLSGWGKGTTVTVSSAS,DIQMTQSPSSLSASVGDRVTITGKTSSEVPNSVGWYQQKPGKAPKLLIYSVSRRAGGVPSRFSGSGSGTDFTLTISSLQPEDFATYYQYVWSPNGRLGFGGGTKVEIKRTV,RVNPASFAPHLS,123,111,12,ok,REMARK_PDBinfo-LABEL
run1_44_dldesign_0,/content/drive/MyDrive/Algo/6CO3/AB_outputs/protein_mpnn/run1_44_dldesign_0.pdb,QVQLVESGGGVVQPGRSLRLSCAASGLDFSTGGMHWVRQAPGKGLEWVAVISADGTGKYYTDSVKGRFTISRDNSKNTLYLQMNTLRAEDTAVYYCARNTVAPDGWGKGTTVTVSSAS,DIQMTQSPSSLSASVGDRVTITFKTSSPVEDRVGWYQQKPGKAPKLLIYGTSSRAGGVPSRFSGSGSGTDFTLTISSLQPEDFATYYAVDYATRPYGFGGGTKVEIKRTV,RNTVAPD,118,110,7,ok,REMARK_PDBinfo-LABEL
run1_45_dldesign_0,/content/drive/MyDrive/Algo/6CO3/AB_outputs/protein_mpnn/run1_45_dldesign_0.pdb,QVQLVESGGGVVQPGRSLRLSCAASGFDFSLGGMHWVRQAPGKGLEWVAVISNDGSGKYYTDSVKGRFTISRDNSKNTLYLQMNTLRAEDTAVYYCARDGAGFSGWGKGTTVTVSSAS,DIQMTQSPSSLSASVGDRVTITGKASNDDVGWYQQKPGKAPKLLIYDASIREGGVPSRFSGSGSGTDFTLTISSLQPEDFATYYQQAESLRLKVGFGGGTKVEIKRTV,RDGAGFS,118,108,7,ok,REMARK_PDBinfo-LABEL
run1_46_dldesign_0,/content/drive/MyDrive/Algo/6CO3/AB_outputs/protein_mpnn/run1_46_dldesign_0.pdb,QVQLVESGGGVVQPGRSLRLSCAASGFDFSAGGMHWVRQAPGKGLEWVAVINAFGKGKYYTDSVKGRFTISRDNSKNTLYLQMNTLRAEDTAVYYCATDDYMSGWGKGTTVTVSSAS,DIQMTQSPSSLSASVGDRVTITAKLSSAADVGWYQQKPGKAPKLLIYDSSARVGGVPSRFSGSGSGTDFTLTISSLQPEDFATYYFVAVSDDGKIGFGGGTKVEIKRTV,TDDYMS,117,109,6,ok,REMARK_PDBinfo-LABEL
run1_47_dldesign_0,/content/drive/MyDrive/Algo/6CO3/AB_outputs/protein_mpnn/run1_47_dldesign_0.pdb,QVQLVESGGGVVQPGRSLRLSCAASGLDFSKGGMHWVRQAPGKGLEWVAVISADGSGKYYTDSVKGRFTISRDNSKNTLYLQMNTLRAEDTAVYYCAWGSYSTAYLYGWGKGTTVTVSSAS,DIQMTQSPSSLSASVGDRVTITSKLSRPPANPANVGWYQQKPGKAPKLLIYGIGNRPGGVPSRFSGSGSGTDFTLTISSLQPEDFATYYFAVYDPENQKLGFGGGTKVEIKRTV,WGSYSTAYLY,121,114,10,ok,REMARK_PDBinfo-LABEL
run1_48_dldesign_0,/content/drive/MyDrive/Algo/6CO3/AB_outputs/protein_mpnn/run1_48_dldesign_0.pdb,QVQLVESGGGVVQPGRSLRLSCAASGVDLTAGGMHWVRQAPGKGLEWVAVVPSNSNGKYYTDSVKGRFTISRDNSKNTLYLQMNTLRAEDTAVYYCALQDLSMALVGWGKGTTVTVSSAS,DIQMTQSPSSLSASVGDRVTITGKTSVPNENVGWYQQKPGKAPKLLIRQGSIRAGGVPSRFSGSGSGTDFTLTISSLQPEDFATYYQAVWDPWTGLLGFGGGTKVEIKRTV,LQDLSMALV,120,111,9,ok,REMARK_PDBinfo-LABEL
run1_49_dldesign_0,/content/drive/MyDrive/Algo/6CO3/AB_outputs/protein_mpnn/run1_49_dldesign_0.pdb,QVQLVESGGGVVQPGRSLRLSCAASGLDPTAGGMHWVRQAPGKGLEWVAVVSADGGGKYYTDSVKGRFTISRDNSKNTLYLQMNTLRAEDTAVYYCARGYRGRQFSSALDGWGKGTTVTVSSAS,DIQMTQSPSSLSASVGDRVTITSSLSRPVDDVGWYQQKPGKAPKLLIYDISTRVGGVPSRFSGSGSGTDFTLTISSLQPEDFATYYSVAQDPDKGLGFGGGTKVEIKRTV,RGYRGRQFSSALD,124,110,13,ok,REMARK_PDBinfo-LABEL
run1_4_dldesign_0,/content/drive/MyDrive/Algo/6CO3/AB_outputs/protein_mpnn/run1_4_dldesign_0.pdb,QVQLVESGGGVVQPGRSLRLSCAAEGLNISNGGMHWVRQAPGKGLEWVAVIDSNGTGKYYTDSVKGRFTISRDNSKNTLYLQMNTLRAEDTAVYYCARSEDEKWLDGWGKGTTVTVSSAS,DIQMTQSPSSLSASVGDRVTITSTTSTSVPASTVGWYQQKPGKAPKLLIKGATTVAGGVPSRFSGSGSGTDFTLTISSLQPEDFATYYSQVSDGRVLGFGGGTKVEIKRTV,RSEDEKWLD,120,111,9,ok,REMARK_PDBinfo-LABEL
run1_50_dldesign_0,/content/drive/MyDrive/Algo/6CO3/AB_outputs/protein_mpnn/run1_50_dldesign_0.pdb,QVQLVESGGGVVQPGRSLRLSCAASGFDFSKGGMHWVRQAPGKGLEWVAVISPDGKGKYYTDSVKGRFTISRDNSKNTLYLQMNTLRAEDTAVYYCARPLGGYGYGVGWGKGTTVTVSSAS,DIQMTQSPSSLSASVGDRVTITGKTSKPVDAWDVGWYQQKPGKAPKLLIYGASQRVGGVPSRFSGSGSGTDFTLTISSLQPEDFATYYQFVEDFENGSLGFGGGTKVEIKRTV,RPLGGYGYGV,121,113,10,ok,REMARK_PDBinfo-LABEL
run1_51_dldesign_0,/content/drive/MyDrive/Algo/6CO3/AB_outputs/protein_mpnn/run1_51_dldesign_0.pdb,QVQLVESGGGVVQPGRSLRLSCAASGYSLALGGMHWVRQAPGKGLEWVAVLDSTGGGKYYTDSVKGRFTISRDNSKNTLYLQMNTLRAEDTAVYYCAYLVSRFPVGWGKGTTVTVSSAS,DIQMTQSPSSLSASVGDRVTITGKTSRPVGSNIGWYQQKPGKAPKLLISNVSLRLGGVPSRFSGSGSGTDFTLTISSLQPEDFATYYQMVSLDRGRIGFGGGTKVEIKRTV,YLVSRFPV,119,111,8,ok,REMARK_PDBinfo-LABEL
run1_52_dldesign_0,/content/drive/MyDrive/Algo/6CO3/AB_outputs/protein_mpnn/run1_52_dldesign_0.pdb,QVQLVESGGGVVQPGRSLRLSCAASGVNFASGGMHWVRQAPGKGLEWVAVISADGSGKYYTDSVKGRFTISRDNSKNTLYLQMNTLRAEDTAVYYCALGSLGNRLYGWGKGTTVTVSSAS,DIQMTQSPSSLSASVGDRVTITGRGDTSGFGWYQQKPGKAPKLLIYNSSTRVGGVPSRFSGSGSGTDFTLTISSLQPEDFATYYQYVYDAVTGLLGFGGGTKVEIKRTV,LGSLGNRLY,120,109,9,ok,REMARK_PDBinfo-LABEL
run1_53_dldesign_0,/content/drive/MyDrive/Algo/6CO3/AB_outputs/protein_mpnn/run1_53_dldesign_0.pdb,QVQLVESGGGVVQPGRSLRLSCAASGFDFSKGGMHWVRQAPGKGLEWVAVISPDGRGKYYTDSVKGRFTISRDNSKNTLYLQMNTLRAEDTAVYYCALVKNGYPVGWGKGTTVTVSSAS,DIQMTQSPSSLSASVGDRVTITSKTSQPILGTQRIGWYQQKPGKAPKLLIYNTSTRAGGVPSRFSGSGSGTDFTLTISSLQPEDFATYYQVDTSTIPMGFGGGTKVEIKRTV,LVKNGYPV,119,112,8,ok,REMARK_PDBinfo-LABEL
run1_54_dldesign_0,/content/drive/MyDrive/Algo/6CO3/AB_outputs/protein_mpnn/run1_54_dldesign_0.pdb,QVQLVESGGGVVQPGRSLRLSCAASGTDLGNGGMHWVRQAPGKGLEWVAVIDRTGGGKYYTDSVKGRFTISRDNSKNTLYLQMNTLRAEDTAVYYCARGLGNSTAFLEGWGKGTTVTVSSAS,DIQMTQSPSSLSASVGDRVTITFKTSKPLPAESIGWYQQKPGKAPKLLIYAGSTRVGGVPSRFSGSGSGTDFTLTISSLQPEDFATYYGEDSSTIPRGFGGGTKVEIKRTV,RGLGNSTAFLE,122,111,11,ok,REMARK_PDBinfo-LABEL
run1_55_dldesign_0,/content/drive/MyDrive/Algo/6CO3/AB_outputs/protein_mpnn/run1_55_dldesign_0.pdb,QVQLVESGGGVVQPGRSLRLSCAASGVDLFAGGMHWVRQAPGKGLEWVAVISNSGFGKYYTDSVKGRFTISRDNSKNTLYLQMNTLRAEDTAVYYCALNLAPGSPFMAGWGKGTTVTVSSAS,DIQMTQSPSSLSASVGDRVTITGSTSRPTGEIGWYQQKPGKAPKLLIYNRGGRAGGVPSRFSGSGSGTDFTLTISSLQPEDFATYYQQETETNPFGFGGGTKVEIKRTV,LNLAPGSPFMA,122,109,11,ok,REMARK_PDBinfo-LABEL
run1_56_dldesign_0,/content/drive/MyDrive/Algo/6CO3/AB_outputs/protein_mpnn/run1_56_dldesign_0.pdb,QVQLVESGGGVVQPGRSLRLSCAASGFDLSTGGMHWVRQAPGKGLEWVAVISSDGSGKYYTDSVKGRFTISRDNSKNTLYLQMNTLRAEDTAVYYCARGTGDMSGYGDGWGKGTTVTVSSAS,DIQMTQSPSSLSASVGDRVTITAKTSQPIGADVGWYQQKPGKAPKLLIYDASVRAGGVPSRFSGSGSGTDFTLTISSLQPEDFATYYFRVDSDSRNIGFGGGTKVEIKRTV,RGTGDMSGYGD,122,111,11,ok,REMARK_PDBinfo-LABEL
run1_57_dldesign_0,/content/drive/MyDrive/Algo/6CO3/AB_outputs/protein_mpnn/run1_57_dldesign_0.pdb,QVQLVESGGGVVQPGRSLRLSCAASGLDIGLGGMHWVRQAPGKGLEWVAVVDSGGAGKYYTDSVKGRFTISRDNSKNTLYLQMNTLRAEDTAVYYCARFESYANLWGWGKGTTVTVSSAS,DIQMTQSPSSLSASVGDRVTITGKTSKPVPADTIGWYQQKPGKAPKLLIVATTTRVGGVPSRFSGSGSGTDFTLTISSLQPEDFATYYQLNAASIPFGFGGGTKVEIKRTV,RFESYANLW,120,111,9,ok,REMARK_PDBinfo-LABEL
run1_58_dldesign_0,/content/drive/MyDrive/Algo/6CO3/AB_outputs/protein_mpnn/run1_58_dldesign_0.pdb,QVQLVESGGGVVQPGRSLRLSCAASGFDLSGGGMHWVRQAPGKGLEWVAVISADGKGKYYTDSVKGRFTISRDNSKNTLYLQMNTLRAEDTAVYYCARAAHGSPSMTGWGKGTTVTVSSAS,DIQMTQSPSSLSASVGDRVTITSKTDRPTNVGWYQQKPGKAPKLLIRNNSLRVGGVPSRFSGSGSGTDFTLTISSLQPEDFATYYSVAERSFGKLGFGGGTKVEIKRTV,RAAHGSPSMT,121,109,10,ok,REMARK_PDBinfo-LABEL
run1_59_dldesign_0,/content/drive/MyDrive/Algo/6CO3/AB_outputs/protein_mpnn/run1_59_dldesign_0.pdb,QVQLVESGGGVVQPGRSLRLSCAASGLDLSKGGMHWVRQAPGKGLEWVAVIDSDGKGKYYTDSVKGRFTISRDNSKNTLYLQMNTLRAEDTAVYYCALGYGASMWGWGKGTTVTVSSAS,DIQMTQSPSSLSASVGDRVTITSKTSRPTTIWDEIGWYQQKPGKAPKLLIYDASLRAGGVPSRFSGSGSGTDFTLTISSLQPEDFATYYSVVYDERTRKLGFGGGTKVEIKRTV,LGYGASMW,119,114,8,ok,REMARK_PDBinfo-LABEL
run1_5_dldesign_0,/content/drive/MyDrive/Algo/6CO3/AB_outputs/protein_mpnn/run1_5_dldesign_0.pdb,QVQLVESGGGVVQPGRSLRLSCAASGLDIREGGMHWVRQAPGKGLEWVAVVDNGGLGKYYTDSVKGRFTISRDNSKNTLYLQMNTLRAEDTAVYYCAYSPTVTGPGYGWGKGTTVTVSSAS,DIQMTQSPSSLSASVGDRVTITSRTDRPVAGPEQVGWYQQKPGKAPKLLIYGADRRVGGVPSRFSGSGSGTDFTLTISSLQPEDFATYYSSVLGATANRGFGGGTKVEIKRTV,YSPTVTGPGY,121,113,10,ok,REMARK_PDBinfo-LABEL
run1_60_dldesign_0,/content/drive/MyDrive/Algo/6CO3/AB_outputs/protein_mpnn/run1_60_dldesign_0.pdb,QVQLVESGGGVVQPGRSLRLSCAASGLDFSKGGMHWVRQAPGKGLEWVAVISPDGEGKYYTDSVKGRFTISRDNSKNTLYLQMNTLRAEDTAVYYCARQFGGPTDLAGWGKGTTVTVSSAS,DIQMTQSPSSLSASVGDRVTITSSTSREVPVGWYQQKPGKAPKLLIVNTSDRRGGVPSRFSGSGSGTDFTLTISSLQPEDFATYYQYAFDYETQQLGFGGGTKVEIKRTV,RQFGGPTDLA,121,110,10,ok,REMARK_PDBinfo-LABEL
run1_61_dldesign_0,/content/drive/MyDrive/Algo/6CO3/AB_outputs/protein_mpnn/run1_61_dldesign_0.pdb,QVQLVESGGGVVQPGRSLRLSCAASGLDFSSGGMHWVRQAPGKGLEWVAVISADGTGKYYTDSVKGRFTISRDNSKNTLYLQMNTLRAEDTAVYYCARPLSGSALDGALAGWGKGTTVTVSSAS,DIQMTQSPSSLSASVGDRVTITSKTTRPVRVGWYQQKPGKAPKLLIYNNSRRVGGVPSRFSGSGSGTDFTLTISSLQPEDFATYYQVVFNDRNLGFGGGTKVEIKRTV,RPLSGSALDGALA,124,108,13,ok,REMARK_PDBinfo-LABEL
run1_62_dldesign_0,/content/drive/MyDrive/Algo/6CO3/AB_outputs/protein_mpnn/run1_62_dldesign_0.pdb,QVQLVESGGGVVQPGRSLRLSCAASGWDFSKGGMHWVRQAPGKGLEWVAVISPDGEGKYYTDSVKGRFTISRDNSKNTLYLQMNTLRAEDTAVYYCARDLGTISALDGWGKGTTVTVSSAS,DIQMTQSPSSLSASVGDRVTITFKTSRNVPYVGWYQQKPGKAPKLLIYNVSTRAGGVPSRFSGSGSGTDFTLTISSLQPEDFATYYAYAFDPSTGSSGFGGGTKVEIKRTV,RDLGTISALD,121,111,10,ok,REMARK_PDBinfo-LABEL
run1_63_dldesign_0,/content/drive/MyDrive/Algo/6CO3/AB_outputs/protein_mpnn/run1_63_dldesign_0.pdb,QVQLVESGGGVVQPGRSLRLSCAASGWNFAAGGMHWVRQAPGKGLEWVAVISPDGRGKYYTDSVKGRFTISRDNSKNTLYLQMNTLRAEDTAVYYCARGLGPTASDPHFVGWGKGTTVTVSSAS,DIQMTQSPSSLSASVGDRVTITSKTSRPVPSSGNIGWYQQKPGKAPKLLIYSASTRVGGVPSRFSGSGSGTDFTLTISSLQPEDFATYYSSVYDPETRSFGFGGGTKVEIKRTV,RGLGPTASDPHFV,124,114,13,ok,REMARK_PDBinfo-LABEL
run1_64_dldesign_0,/content/drive/MyDrive/Algo/6CO3/AB_outputs/protein_mpnn/run1_64_dldesign_0.pdb,QVQLVESGGGVVQPGRSLRLSCAASGFDLSTGGMHWVRQAPGKGLEWVAVISSDGTGKYYTDSVKGRFTISRDNSKNTLYLQMNTLRAEDTAVYYCARGLSDFDPAMDGWGKGTTVTVSSAS,DIQMTQSPSSLSASVGDRVTITAKTSVPVPEETIGWYQQKPGKAPKLLIYDASERAGGVPSRFSGSGSGTDFTLTISSLQPEDFATYYFVVGRYSRNYGFGGGTKVEIKRTV,RGLSDFDPAMD,122,112,11,ok,REMARK_PDBinfo-LABEL
run1_65_dldesign_0,/content/drive/MyDrive/Algo/6CO3/AB_outputs/protein_mpnn/run1_65_dldesign_0.pdb,QVQLVESGGGVVQPGRSLRLSCAASGFDFSLGGMHWVRQAPGKGLEWVAVISADGKGKYYTDSVKGRFTISRDNSKNTLYLQMNTLRAEDTAVYYCALGGSSAMWGWGKGTTVTVSSAS,DIQMTQSPSSLSASVGDRVTITAKTSRPVLFNYGWYQQKPGKAPKLLIYNVSVRAGGVPSRFSGSGSGTDFTLTISSLQPEDFATYYFWVLSEDGLLGFGGGTKVEIKRTV,LGGSSAMW,119,111,8,ok,REMARK_PDBinfo-LABEL
run1_66_dldesign_0,/content/drive/MyDrive/Algo/6CO3/AB_outputs/protein_mpnn/run1_66_dldesign_0.pdb,QVQLVESGGGVVQPGRSLRLSCAASGLDIVGGGMHWVRQAPGKGLEWVAVIDSGGAGKYYTDSVKGRFTISRDNSKNTLYLQMNTLRAEDTAVYYCARSAEPNGPALSGWGKGTTVTVSSAS,DIQMTQSPSSLSASVGDRVTITGKTSRPNSEVGWYQQKPGKAPKLLITNANLRLGGVPSRFSGSGSGTDFTLTISSLQPEDFATYYQSVYDGATRSLGFGGGTKVEIKRTV,RSAEPNGPALS,122,111,11,ok,REMARK_PDBinfo-LABEL
run1_67_dldesign_0,/content/drive/MyDrive/Algo/6CO3/AB_outputs/protein_mpnn/run1_67_dldesign_0.pdb,QVQLVESGGGVVQPGRSLRLSCAAEGVDLSLGGMHWVRQAPGKGLEWVAVISADGSGKYYTDSVKGRFTISRDNSKNTLYLQMNTLRAEDTAVYYCARSAGTDPRHLDGWGKGTTVTVSSAS,DIQMTQSPSSLSASVGDRVTITGRTSRPVADVGWYQQKPGKAPKLLIYDRSTRAGGVPSRFSGSGSGTDFTLTISSLQPEDFATYYQYAYDRATRNLGFGGGTKVEIKRTV,RSAGTDPRHLD,122,111,11,ok,REMARK_PDBinfo-LABEL
run1_68_dldesign_0,/content/drive/MyDrive/Algo/6CO3/AB_outputs/protein_mpnn/run1_68_dldesign_0.pdb,QVQLVESGGGVVQPGRSLRLSCAASGFDFSTGGMHWVRQAPGKGLEWVAVISNDGKGKYYTDSVKGRFTISRDNSKNTLYLQMNTLRAEDTAVYYCARSASTEISLNLSGWGKGTTVTVSSAS,DIQMTQSPSSLSASVGDRVTITSKTSRPLNDWDDVGWYQQKPGKAPKLLISSVGVREGGVPSRFSGSGSGTDFTLTISSLQPEDFATYYSRVYDYLKKSTGFGGGTKVEIKRTV,RSASTEISLNLS,123,114,12,ok,REMARK_PDBinfo-LABEL
run1_69_dldesign_0,/content/drive/MyDrive/Algo/6CO3/AB_outputs/protein_mpnn/run1_69_dldesign_0.pdb,QVQLVESGGGVVQPGRSLRLSCAASDLNINRGGMHWVRQAPGKGLEWVAVISADGEGKYYTDSVKGRFTISRDNSKNTLYLQMNTLRAEDTAVYYCARRLPDSSALWGWGKGTTVTVSSAS,DIQMTQSPSSLSASVGDRVTITFKTSQPVSDVGWYQQKPGKAPKLLIYNISTRAGGVPSRFSGSGSGTDFTLTISSLQPEDFATYYGVATDSAGRLGFGGGTKVEIKRTV,RRLPDSSALW,121,110,10,ok,REMARK_PDBinfo-LABEL
run1_6_dldesign_0,/content/drive/MyDrive/Algo/6CO3/AB_outputs/protein_mpnn/run1_6_dldesign_0.pdb,QVQLVESGGGVVQPGRSLRLSCAASGLDLSLGGMHWVRQAPGKGLEWVAVIDRDGEGKYYTDSVKGRFTISRDNSKNTLYLQMNTLRAEDTAVYYCATGGLEGWGKGTTVTVSSAS,DIQMTQSPSSLSASVGDRVTITAKSSSPPFDDKNFGWYQQKPGKAPKLLIKYTDIRAGGVPSRFSGSGSGTDFTLTISSLQPEDFATYYFVVTEPGKDIGFGGGTKVEIKRTV,TGGLE,116,113,5,ok,REMARK_PDBinfo-LABEL
run1_70_dldesign_0,/content/drive/MyDrive/Algo/6CO3/AB_outputs/protein_mpnn/run1_70_dldesign_0.pdb,QVQLVESGGGVVQPGRSLRLSCAASGVDLSFGGMHWVRQAPGKGLEWVAVITSDGTGKYYTDSVKGRFTISRDNSKNTLYLQMNTLRAEDTAVYYCARAGGNSGVARGWGKGTTVTVSSAS,DIQMTQSPSSLSASVGDRVTITFRTSRPVGRHVGWYQQKPGKAPKLLIYNSSTLVGGVPSRFSGSGSGTDFTLTISSLQPEDFATYYGAVLDGIGKTGFGGGTKVEIKRTV,RAGGNSGVAR,121,111,10,ok,REMARK_PDBinfo-LABEL
run1_71_dldesign_0,/content/drive/MyDrive/Algo/6CO3/AB_outputs/protein_mpnn/run1_71_dldesign_0.pdb,QVQLVESGGGVVQPGRSLRLSCAASGWDFSDGGMHWVRQAPGKGLEWVAVIDDDGEGKYYTDSVKGRFTISRDNSKNTLYLQMNTLRAEDTAVYYCARGAGNTPPSGWGKGTTVTVSSAS,DIQMTQSPSSLSASVGDRVTITSKTSGPVTFTGSIGWYQQKPGKAPKLLIYGTSTRAGGVPSRFSGSGSGTDFTLTISSLQPEDFATYYQVEFTSAPIGFGGGTKVEIKRTV,RGAGNTPPS,120,112,9,ok,REMARK_PDBinfo-LABEL
run1_72_dldesign_0,/content/drive/MyDrive/Algo/6CO3/AB_outputs/protein_mpnn/run1_72_dldesign_0.pdb,QVQLVESGGGVVQPGRSLRLSCAASGLDFSKGGMHWVRQAPGKGLEWVAVISADGKGKYYTDSVKGRFTISRDNSKNTLYLQMNTLRAEDTAVYYCATGRYGYGWGKGTTVTVSSAS,DIQMTQSPSSLSASVGDRVTITSKLSSPVGPNSKVGWYQQKPGKAPKLLIFNNWFNAGGVPSRFSGSGSGTDFTLTISSLQPEDFATYYQAYFDRDKGYGFGGGTKVEIKRTV,TGRYGY,117,113,6,ok,REMARK_PDBinfo-LABEL
run1_73_dldesign_0,/content/drive/MyDrive/Algo/6CO3/AB_outputs/protein_mpnn/run1_73_dldesign_0.pdb,QVQLVESGGGVVQPGRSLRLSCAASGWDLSKGGMHWVRQAPGKGLEWVAVISADGKGKYYTDSVKGRFTISRDNSKNTLYLQMNTLRAEDTAVYYCARGLSDNSRFPSGWGKGTTVTVSSAS,DIQMTQSPSSLSASVGDRVTITSTSSSSVPDERYGWYQQKPGKAPKLLIYGTSGRVGGVPSRFSGSGSGTDFTLTISSLQPEDFATYYSYVLSDDGKLGFGGGTKVEIKRTV,RGLSDNSRFPS,122,112,11,ok,REMARK_PDBinfo-LABEL
run1_74_dldesign_0,/content/drive/MyDrive/Algo/6CO3/AB_outputs/protein_mpnn/run1_74_dldesign_0.pdb,QVQLVESGGGVVQPGRSLRLSCAASGLDLALGGMHWVRQAPGKGLEWVAVIDSDGEGKYYTDSVKGRFTISRDNSKNTLYLQMNTLRAEDTAVYYCAMEAQGGWGKGTTVTVSSAS,DIQMTQSPSSLSASVGDRVTITFKADSDIVGWYQQKPGKAPKLLISGGSVRAGGVPSRFSGSGSGTDFTLTISSLQPEDFATYYAVAYDREKRLLGFGGGTKVEIKRTV,MEAQG,116,109,5,ok,REMARK_PDBinfo-LABEL
run1_75_dldesign_0,/content/drive/MyDrive/Algo/6CO3/AB_outputs/protein_mpnn/run1_75_dldesign_0.pdb,QVQLVESGGGVVQPGRSLRLSCAASGFDFRTGGMHWVRQAPGKGLEWVAVVSPSGVGKYYTDSVKGRFTISRDNSKNTLYLQMNTLRAEDTAVYYCALGDDYPWGWGKGTTVTVSSAS,DIQMTQSPSSLSASVGDRVTITSKSDTSDVGWYQQKPGKAPKLLIYNGRGRVGGVPSRFSGSGSGTDFTLTISSLQPEDFATYYAMETSTRPMGFGGGTKVEIKRTV,LGDDYPW,118,107,7,ok,REMARK_PDBinfo-LABEL
run1_76_dldesign_0,/content/drive/MyDrive/Algo/6CO3/AB_outputs/protein_mpnn/run1_76_dldesign_0.pdb,QVQLVESGGGVVQPGRSLRLSCAASGLDLNSGGMHWVRQAPGKGLEWVAVISANGKGKYYTDSVKGRFTISRDNSKNTLYLQMNTLRAEDTAVYYCAYLVSYAGVGWGKGTTVTVSSAS,DIQMTQSPSSLSASVGDRVTITFKLSRAPESDLYVGWYQQKPGKAPKLLIHGASANAGGVPSRFSGSGSGTDFTLTISSLQPEDFATYYGYVYDPATKNLGFGGGTKVEIKRTV,YLVSYAGV,119,114,8,ok,REMARK_PDBinfo-LABEL
run1_77_dldesign_0,/content/drive/MyDrive/Algo/6CO3/AB_outputs/protein_mpnn/run1_77_dldesign_0.pdb,QVQLVESGGGVVQPGRSLRLSCAASGLDLTSGGMHWVRQAPGKGLEWVAVVSPGGAGKYYTDSVKGRFTISRDNSKNTLYLQMNTLRAEDTAVYYCARALAAGNESLWGWGKGTTVTVSSAS,DIQMTQSPSSLSASVGDRVTITAKRSRPASTSNDVGWYQQKPGKAPKLLIYGASTRVGGVPSRFSGSGSGTDFTLTISSLQPEDFATYYFMDTDSLPFGFGGGTKVEIKRTV,RALAAGNESLW,122,112,11,ok,REMARK_PDBinfo-LABEL
run1_78_dldesign_0,/content/drive/MyDrive/Algo/6CO3/AB_outputs/protein_mpnn/run1_78_dldesign_0.pdb,QVQLVESGGGVVQPGRSLRLSCAASGLDLSTGGMHWVRQAPGKGLEWVAVINSSGTGKYYTDSVKGRFTISRDNSKNTLYLQMNTLRAEDTAVYYCARSLYTSDSTGPLSGWGKGTTVTVSSAS,DIQMTQSPSSLSASVGDRVTITSKSSTSTVGWYQQKPGKAPKLLIYNTSTRVGGVPSRFSGSGSGTDFTLTISSLQPEDFATYYSYAARDDGNLGFGGGTKVEIKRTV,RSLYTSDSTGPLS,124,108,13,ok,REMARK_PDBinfo-LABEL
run1_79_dldesign_0,/content/drive/MyDrive/Algo/6CO3/AB_outputs/protein_mpnn/run1_79_dldesign_0.pdb,QVQLVESGGGVVQPGRSLRLSCAASGLDLSLGGMHWVRQAPGKGLEWVAVISEDGSGKYYTDSVKGRFTISRDNSKNTLYLQMNTLRAEDTAVYYCALGTYLSGWGKGTTVTVSSAS,DIQMTQSPSSLSASVGDRVTITSKTTSNLVGWYQQKPGKAPKLLIYNVSVRAGGVPSRFSGSGSGTDFTLTISSLQPEDFATYYQMDAYLSSGMGFGGGTKVEIKRTV,LGTYLS,117,108,6,ok,REMARK_PDBinfo-LABEL
run1_7_dldesign_0,/content/drive/MyDrive/Algo/6CO3/AB_outputs/protein_mpnn/run1_7_dldesign_0.pdb,QVQLVESGGGVVQPGRSLRLSCAASGVNFSQGGMHWVRQAPGKGLEWVAVIDSDGSGKYYTDSVKGRFTISRDNSKNTLYLQMNTLRAEDTAVYYCARSMGNDTDDALWGWGKGTTVTVSSAS,DIQMTQSPSSLSASVGDRVTITFTASTSDIGWYQQKPGKAPKLLIYDSSQRVGGVPSRFSGSGSGTDFTLTISSLQPEDFATYYGVVYDTRPKGFGGGTKVEIKRTV,RSMGNDTDDALW,123,107,12,ok,REMARK_PDBinfo-LABEL
run1_80_dldesign_0,/content/drive/MyDrive/Algo/6CO3/AB_outputs/protein_mpnn/run1_80_dldesign_0.pdb,QVQLVESGGGVVQPGRSLRLSCAASGLDFSKGGMHWVRQAPGKGLEWVAVISPNGLGKYYTDSVKGRFTISRDNSKNTLYLQMNTLRAEDTAVYYCAYGSNLRGWGKGTTVTVSSAS,DIQMTQSPSSLSASVGDRVTITGKLSRPSSYIGWYQQKPGKAPKLLIYNTSTRAGGVPSRFSGSGSGTDFTLTISSLQPEDFATYYQVDLSQAPLGFGGGTKVEIKRTV,YGSNLR,117,109,6,ok,REMARK_PDBinfo-LABEL
run1_81_dldesign_0,/content/drive/MyDrive/Algo/6CO3/AB_outputs/protein_mpnn/run1_81_dldesign_0.pdb,QVQLVESGGGVVQPGRSLRLSCAASGLDLSGGGMHWVRQAPGKGLEWVAVIDSDGKGKYYTDSVKGRFTISRDNSKNTLYLQMNTLRAEDTAVYYCATGGLQGWGKGTTVTVSSAS,DIQMTQSPSSLSASVGDRVTITSKTSSATDIGWYQQKPGKAPKLLIFDASLLAGGVPSRFSGSGSGTDFTLTISSLQPEDFATYYSMATDEKPYGFGGGTKVEIKRTV,TGGLQ,116,108,5,ok,REMARK_PDBinfo-LABEL
run1_82_dldesign_0,/content/drive/MyDrive/Algo/6CO3/AB_outputs/protein_mpnn/run1_82_dldesign_0.pdb,QVQLVESGGGVVQPGRSLRLSCAASGLDFSKGGMHWVRQAPGKGLEWVAVVSEDGEGKYYTDSVKGRFTISRDNSKNTLYLQMNTLRAEDTAVYYCALVSTSNQGLSGWGKGTTVTVSSAS,DIQMTQSPSSLSASVGDRVTITASSDVSGVGWYQQKPGKAPKLLITATSTRVGGVPSRFSGSGSGTDFTLTISSLQPEDFATYYFYVFDFATQQLGFGGGTKVEIKRTV,LVSTSNQGLS,121,109,10,ok,REMARK_PDBinfo-LABEL
run1_83_dldesign_0,/content/drive/MyDrive/Algo/6CO3/AB_outputs/protein_mpnn/run1_83_dldesign_0.pdb,QVQLVESGGGVVQPGRSLRLSCAASGLDLGSGGMHWVRQAPGKGLEWVAVLDFGGAGKYYTDSVKGRFTISRDNSKNTLYLQMNTLRAEDTAVYYCAYAVTPTALAGWGKGTTVTVSSAS,DIQMTQSPSSLSASVGDRVTITFTADGDGVGWYQQKPGKAPKLLITNTDIRFGGVPSRFSGSGSGTDFTLTISSLQPEDFATYYQYVWDGATNLLGFGGGTKVEIKRTV,YAVTPTALA,120,109,9,ok,REMARK_PDBinfo-LABEL
run1_84_dldesign_0,/content/drive/MyDrive/Algo/6CO3/AB_outputs/protein_mpnn/run1_84_dldesign_0.pdb,QVQLVESGGGVVQPGRSLRLSCAAKGVDITDGGMHWVRQAPGKGLEWVAVISNDGTGKYYTDSVKGRFTISRDNSKNTLYLQMNTLRAEDTAVYYCAYETLDGVFSGWGKGTTVTVSSAS,DIQMTQSPSSLSASVGDRVTITAKTSSPVPDSSVGWYQQKPGKAPKLLIYGASQRAGGVPSRFSGSGSGTDFTLTISSLQPEDFATYYFYVSDGGKNTGFGGGTKVEIKRTV,YETLDGVFS,120,112,9,ok,REMARK_PDBinfo-LABEL
run1_85_dldesign_0,/content/drive/MyDrive/Algo/6CO3/AB_outputs/protein_mpnn/run1_85_dldesign_0.pdb,QVQLVESGGGVVQPGRSLRLSCAAEGIDLSEGGMHWVRQAPGKGLEWVAVISADGRGKYYTDSVKGRFTISRDNSKNTLYLQMNTLRAEDTAVYYCARYDANGFAYGWGKGTTVTVSSAS,DIQMTQSPSSLSASVGDRVTITSTTDSGTVGWYQQKPGKAPKLLIYNASSRRGGVPSRFSGSGSGTDFTLTISSLQPEDFATYYQQETSNTPYGFGGGTKVEIKRTV,RYDANGFAY,120,107,9,ok,REMARK_PDBinfo-LABEL
run1_86_dldesign_0,/content/drive/MyDrive/Algo/6CO3/AB_outputs/protein_mpnn/run1_86_dldesign_0.pdb,QVQLVESGGGVVQPGRSLRLSCAASGLDFEDGGMHWVRQAPGKGLEWVAVIDHDGEGKYYTDSVKGRFTISRDNSKNTLYLQMNTLRAEDTAVYYCATDQWLEGWGKGTTVTVSSAS,DIQMTQSPSSLSASVGDRVTITFSASRSNVGWYQQKPGKAPKLLIYNASQRVGGVPSRFSGSGSGTDFTLTISSLQPEDFATYYARVVDTPENIGFGGGTKVEIKRTV,TDQWLE,117,108,6,ok,REMARK_PDBinfo-LABEL
run1_87_dldesign_0,/content/drive/MyDrive/Algo/6CO3/AB_outputs/protein_mpnn/run1_87_dldesign_0.pdb,QVQLVESGGGVVQPGRSLRLSCAASGFDLSKGGMHWVRQAPGKGLEWVAVVGSGGAGKYYTDSVKGRFTISRDNSKNTLYLQMNTLRAEDTAVYYCANSNLSGWGKGTTVTVSSAS,DIQMTQSPSSLSASVGDRVTITAKSGRSGVGWYQQKPGKAPKLLIYNNNTRYGGVPSRFSGSGSGTDFTLTISSLQPEDFATYYFVDPLSIPIGFGGGTKVEIKRTV,NSNLS,116,107,5,ok,REMARK_PDBinfo-LABEL
run1_88_dldesign_0,/content/drive/MyDrive/Algo/6CO3/AB_outputs/protein_mpnn/run1_88_dldesign_0.pdb,QVQLVESGGGVVQPGRSLRLSCAASGFDFSEGGMHWVRQAPGKGLEWVAVVDSDGEGKYYTDSVKGRFTISRDNSKNTLYLQMNTLRAEDTAVYYCALLTNGAGSGWGKGTTVTVSSAS,DIQMTQSPSSLSASVGDRVTITSTTSRPVPESFIGWYQQKPGKAPKLLIYGASTRAGGVPSRFSGSGSGTDFTLTISSLQPEDFATYYSQVSDYLTGIGFGGGTKVEIKRTV,LLTNGAGS,119,112,8,ok,REMARK_PDBinfo-LABEL
run1_89_dldesign_0,/content/drive/MyDrive/Algo/6CO3/AB_outputs/protein_mpnn/run1_89_dldesign_0.pdb,QVQLVESGGGVVQPGRSLRLSCAASGVDFSRGGMHWVRQAPGKGLEWVAVISADGTGKYYTDSVKGRFTISRDNSKNTLYLQMNTLRAEDTAVYYCAWVNASGHPVGWGKGTTVTVSSAS,DIQMTQSPSSLSASVGDRVTITSKTSSSVPSSTVGWYQQKPGKAPKLLIYGSNNKAGGVPSRFSGSGSGTDFTLTISSLQPEDFATYYSMVTSSNPYGFGGGTKVEIKRTV,WVNASGHPV,120,111,9,ok,REMARK_PDBinfo-LABEL
run1_8_dldesign_0,/content/drive/MyDrive/Algo/6CO3/AB_outputs/protein_mpnn/run1_8_dldesign_0.pdb,QVQLVESGGGVVQPGRSLRLSCAASGLDLSAGGMHWVRQAPGKGLEWVAVINGDGSGKYYTDSVKGRFTISRDNSKNTLYLQMNTLRAEDTAVYYCAELEAGFPSGWGKGTTVTVSSAS,DIQMTQSPSSLSASVGDRVTITSTASNSRVGWYQQKPGKAPKLLISYGDYREGGVPSRFSGSGSGTDFTLTISSLQPEDFATYYAYAFSSDGSLGFGGGTKVEIKRTV,ELEAGFPS,119,108,8,ok,REMARK_PDBinfo-LABEL
run1_90_dldesign_0,/content/drive/MyDrive/Algo/6CO3/AB_outputs/protein_mpnn/run1_90_dldesign_0.pdb,QVQLVESGGGVVQPGRSLRLSCAASGLDFTLGGMHWVRQAPGKGLEWVAVVDAAGGGKYYTDSVKGRFTISRDNSKNTLYLQMNTLRAEDTAVYYCAMGFDSSLWGWGKGTTVTVSSAS,DIQMTQSPSSLSASVGDRVTITAKLSKPTPPVSRVGWYQQKPGKAPKLLIYNASTRAGGVPSRFSGSGSGTDFTLTISSLQPEDFATYYFRDFSSLPYGFGGGTKVEIKRTV,MGFDSSLW,119,112,8,ok,REMARK_PDBinfo-LABEL
run1_91_dldesign_0,/content/drive/MyDrive/Algo/6CO3/AB_outputs/protein_mpnn/run1_91_dldesign_0.pdb,QVQLVESGGGVVQPGRSLRLSCAASGLDFTEGGMHWVRQAPGKGLEWVAVVSPDGTGKYYTDSVKGRFTISRDNSKNTLYLQMNTLRAEDTAVYYCAYEDEGLDGWGKGTTVTVSSAS,DIQMTQSPSSLSASVGDRVTITASASTSDIGWYQQKPGKAPKLLIDDVDDRDGGVPSRFSGSGSGTDFTLTISSLQPEDFATYYQVDYSGDGGLGFGGGTKVEIKRTV,YEDEGLD,118,108,7,ok,REMARK_PDBinfo-LABEL
run1_92_dldesign_0,/content/drive/MyDrive/Algo/6CO3/AB_outputs/protein_mpnn/run1_92_dldesign_0.pdb,QVQLVESGGGVVQPGRSLRLSCAASGLDLSKGGMHWVRQAPGKGLEWVAVIDSDGKGKYYTDSVKGRFTISRDNSKNTLYLQMNTLRAEDTAVYYCALGRGNQNGGWTMSGWGKGTTVTVSSAS,DIQMTQSPSSLSASVGDRVTITSKTSTASDDIGWYQQKPGKAPKLLISDADRRAGGVPSRFSGSGSGTDFTLTISSLQPEDFATYYQMDGSTFPIGFGGGTKVEIKRTV,LGRGNQNGGWTMS,124,109,13,ok,REMARK_PDBinfo-LABEL
run1_93_dldesign_0,/content/drive/MyDrive/Algo/6CO3/AB_outputs/protein_mpnn/run1_93_dldesign_0.pdb,QVQLVESGGGVVQPGRSLRLSCAASGLDFSKGGMHWVRQAPGKGLEWVAVVSPDGLGKYYTDSVKGRFTISRDNSKNTLYLQMNTLRAEDTAVYYCAYRSKLSGWGKGTTVTVSSAS,DIQMTQSPSSLSASVGDRVTITSKTSRPVPFTGSIGWYQQKPGKAPKLLIYNTSTRAGGVPSRFSGSGSGTDFTLTISSLQPEDFATYYQVVEGLSPMGFGGGTKVEIKRTV,YRSKLS,117,112,6,ok,REMARK_PDBinfo-LABEL
run1_94_dldesign_0,/content/drive/MyDrive/Algo/6CO3/AB_outputs/protein_mpnn/run1_94_dldesign_0.pdb,QVQLVESGGGVVQPGRSLRLSCAASGFDLSKGGMHWVRQAPGKGLEWVAVINATGLGKYYTDSVKGRFTISRDNSKNTLYLQMNTLRAEDTAVYYCARSATASLTWPAGWGKGTTVTVSSAS,DIQMTQSPSSLSASVGDRVTITFKLSRPSDNPDDIGWYQQKPGKAPKLLIVGTSTRVGGVPSRFSGSGSGTDFTLTISSLQPEDFATYYAYTRELGGEGLGFGGGTKVEIKRTV,RSATASLTWPA,122,114,11,ok,REMARK_PDBinfo-LABEL
run1_95_dldesign_0,/content/drive/MyDrive/Algo/6CO3/AB_outputs/protein_mpnn/run1_95_dldesign_0.pdb,QVQLVESGGGVVQPGRSLRLSCAASGWDLSSGGMHWVRQAPGKGLEWVAVVDSGRAGKYYTDSVKGRFTISRDNSKNTLYLQMNTLRAEDTAVYYCARTADSSTRFLSGWGKGTTVTVSSAS,DIQMTQSPSSLSASVGDRVTITFKTSEANNQIGWYQQKPGKAPKLLIYNSSTRAGGVPSRFSGSGSGTDFTLTISSLQPEDFATYYAVDTSTPVFGFGGGTKVEIKRTV,RTADSSTRFLS,122,109,11,ok,REMARK_PDBinfo-LABEL
run1_96_dldesign_0,/content/drive/MyDrive/Algo/6CO3/AB_outputs/protein_mpnn/run1_96_dldesign_0.pdb,QVQLVESGGGVVQPGRSLRLSCAASGLDFSQGGMHWVRQAPGKGLEWVAVIDANGKGKYYTDSVKGRFTISRDNSKNTLYLQMNTLRAEDTAVYYCARSLTGGNIFSPPYGWGKGTTVTVSSAS,DIQMTQSPSSLSASVGDRVTITFKTSRPVPLNVGWYQQKPGKAPKLLIHNGGSRAGGVPSRFSGSGSGTDFTLTISSLQPEDFATYYAMVFGTSPFGFGGGTKVEIKRTV,RSLTGGNIFSPPY,124,110,13,ok,REMARK_PDBinfo-LABEL
run1_97_dldesign_0,/content/drive/MyDrive/Algo/6CO3/AB_outputs/protein_mpnn/run1_97_dldesign_0.pdb,QVQLVESGGGVVQPGRSLRLSCAASGLDLGTGGMHWVRQAPGKGLEWVAVVNAGGGGKYYTDSVKGRFTISRDNSKNTLYLQMNTLRAEDTAVYYCAYADGEAGFGWGKGTTVTVSSAS,DIQMTQSPSSLSASVGDRVTITSTLSAANDNVGWYQQKPGKAPKLLIYNGSTRAGGVPSRFSGSGSGTDFTLTISSLQPEDFATYYQYEGSTVPRGFGGGTKVEIKRTV,YADGEAGF,119,109,8,ok,REMARK_PDBinfo-LABEL
run1_98_dldesign_0,/content/drive/MyDrive/Algo/6CO3/AB_outputs/protein_mpnn/run1_98_dldesign_0.pdb,QVQLVESGGGVVQPGRSLRLSCAASGLPLGAGGMHWVRQAPGKGLEWVAVVLPDNTGKYYTDSVKGRFTISRDNSKNTLYLQMNTLRAEDTAVYYCAKSRLGSGYLDGWGKGTTVTVSSAS,DIQMTQSPSSLSASVGDRVTITSSGSEGNFGWYQQKPGKAPKLLIYGVSGRAGGVPSRFSGSGSGTDFTLTISSLQPEDFATYYSYYYNLANGDLGFGGGTKVEIKRTV,KSRLGSGYLD,121,109,10,ok,REMARK_PDBinfo-LABEL
run1_9_dldesign_0,/content/drive/MyDrive/Algo/6CO3/AB_outputs/protein_mpnn/run1_9_dldesign_0.pdb,QVQLVESGGGVVQPGRSLRLSCAASGLDVADGGMHWVRQAPGKGLEWVAVINHDGSGKYYTDSVKGRFTISRDNSKNTLYLQMNTLRAEDTAVYYCAEGEDLSGWGKGTTVTVSSAS,DIQMTQSPSSLSASVGDRVTITSKSTSYNVGWYQQKPGKAPKLLIYRGGVRAGGVPSRFSGSGSGTDFTLTISSLQPEDFATYYAAVYSGVGQKIGFGGGTKVEIKRTV,EGEDLS,117,109,6,ok,REMARK_PDBinfo-LABEL
run2_0_dldesign_0,/content/drive/MyDrive/Algo/6CO3/AB_outputs/protein_mpnn/run2_0_dldesign_0.pdb,QVQLVESGGGVVQPGRSLRLSCAASGLDFSTGGMHWVRQAPGKGLEWVAVINAGGLGKYYTDSVKGRFTISRDNSKNTLYLQMNTLRAEDTAVYYCARDDRRGWGKGTTVTVSSAS,DIQMTQSPSSLSASVGDRVTITSKTSSDTDVGWYQQKPGKAPKLLIEDDDDRVGGVPSRFSGSGSGTDFTLTISSLQPEDFATYYQQVWDKEPAGFGGGTKVEIKRTV,RDDRR,116,108,5,ok,REMARK_PDBinfo-LABEL
run2_10_dldesign_0,/content/drive/MyDrive/Algo/6CO3/AB_outputs/protein_mpnn/run2_10_dldesign_0.pdb,QVQLVESGGGVVQPGRSLRLSCAASGFDFSAGGMHWVRQAPGKGLEWVAVVDAGEAGKYYTDSVKGRFTISRDNSKNTLYLQMNTLRAEDTAVYYCARLNQNGYPYGWGKGTTVTVSSAS,DIQMTQSPSSLSASVGDRVTITFKTSAPSPGIGWYQQKPGKAPKLLIYGVSQRAGGVPSRFSGSGSGTDFTLTISSLQPEDFATYYAADFLTFPRGFGGGTKVEIKRTV,RLNQNGYPY,120,109,9,ok,REMARK_PDBinfo-LABEL
run2_11_dldesign_0,/content/drive/MyDrive/Algo/6CO3/AB_outputs/protein_mpnn/run2_11_dldesign_0.pdb,QVQLVESGGGVVQPGRSLRLSCAASGDNFSAGGMHWVRQAPGKGLEWVAVINPDGSGKYYTDSVKGRFTISRDNSKNTLYLQMNTLRAEDTAVYYCARALDGGSLTSAPSGWGKGTTVTVSSAS,DIQMTQSPSSLSASVGDRVTITSKSSSPDKIGWYQQKPGKAPKLLIYDTTVRAGGVPSRFSGSGSGTDFTLTISSLQPEDFATYYSQSYSTIPKGFGGGTKVEIKRTV,RALDGGSLTSAPS,124,108,13,ok,REMARK_PDBinfo-LABEL
run2_12_dldesign_0,/content/drive/MyDrive/Algo/6CO3/AB_outputs/protein_mpnn/run2_12_dldesign_0.pdb,QVQLVESGGGVVQPGRSLRLSCAASGLDFSEGGMHWVRQAPGKGLEWVAVVNAGGGGKYYTDSVKGRFTISRDNSKNTLYLQMNTLRAEDTAVYYCAYGLPLSGWGKGTTVTVSSAS,DIQMTQSPSSLSASVGDRVTITFKTSSPVPNHVGWYQQKPGKAPKLLIYNTSTRAGGVPSRFSGSGSGTDFTLTISSLQPEDFATYYGAVYDPSTNLYGFGGGTKVEIKRTV,YGLPLS,117,112,6,ok,REMARK_PDBinfo-LABEL
run2_13_dldesign_0,/content/drive/MyDrive/Algo/6CO3/AB_outputs/protein_mpnn/run2_13_dldesign_0.pdb,QVQLVESGGGVVQPGRSLRLSCAASGVDLSKGGMHWVRQAPGKGLEWVAVISADGKGKYYTDSVKGRFTISRDNSKNTLYLQMNTLRAEDTAVYYCALDSISGVFSGWGKGTTVTVSSAS,DIQMTQSPSSLSASVGDRVTITFSASRPTEVGWYQQKPGKAPKLLIYLNSVRAGGVPSRFSGSGSGTDFTLTISSLQPEDFATYYGYAVNDNGNIGFGGGTKVEIKRTV,LDSISGVFS,120,109,9,ok,REMARK_PDBinfo-LABEL
run2_14_dldesign_0,/content/drive/MyDrive/Algo/6CO3/AB_outputs/protein_mpnn/run2_14_dldesign_0.pdb,QVQLVESGGGVVQPGRSLRLSCAASGFDFSAGGMHWVRQAPGKGLEWVAVIDSGEGGKYYTDSVKGRFTISRDNSKNTLYLQMNTLRAEDTAVYYCARDGGGWSLFPEGWGKGTTVTVSSAS,DIQMTQSPSSLSASVGDRVTITSTLSRPPALPGSIGWYQQKPGKAPKLLIYQTSTRVGGVPSRFSGSGSGTDFTLTISSLQPEDFATYYQRLVDPLTPFGFGGGTKVEIKRTV,RDGGGWSLFPE,122,113,11,ok,REMARK_PDBinfo-LABEL
run2_15_dldesign_0,/content/drive/MyDrive/Algo/6CO3/AB_outputs/protein_mpnn/run2_15_dldesign_0.pdb,QVQLVESGGGVVQPGRSLRLSCAATGVDLNYGGMHWVRQAPGKGLEWVAVISADGKGKYYTDSVKGRFTISRDNSKNTLYLQMNTLRAEDTAVYYCALSLNWGNIGSPPVGWGKGTTVTVSSAS,DIQMTQSPSSLSASVGDRVTITSTGDSDQIGWYQQKPGKAPKLLIYNASNRVGGVPSRFSGSGSGTDFTLTISSLQPEDFATYYSQSYGTNPTGFGGGTKVEIKRTV,LSLNWGNIGSPPV,124,107,13,ok,REMARK_PDBinfo-LABEL
run2_16_dldesign_0,/content/drive/MyDrive/Algo/6CO3/AB_outputs/protein_mpnn/run2_16_dldesign_0.pdb,QVQLVESGGGVVQPGRSLRLSCAASGLDFTAGGMHWVRQAPGKGLEWVAVVDAGGDGKYYTDSVKGRFTISRDNSKNTLYLQMNTLRAEDTAVYYCAYGTSGALFGWGKGTTVTVSSAS,DIQMTQSPSSLSASVGDRVTITFKTSAPVDDRVGWYQQKPGKAPKLLIYGVSRLAGGVPSRFSGSGSGTDFTLTISSLQPEDFATYYGYVLSDDRNLGFGGGTKVEIKRTV,YGTSGALF,119,111,8,ok,REMARK_PDBinfo-LABEL
run2_17_dldesign_0,/content/drive/MyDrive/Algo/6CO3/AB_outputs/protein_mpnn/run2_17_dldesign_0.pdb,QVQLVESGGGVVQPGRSLRLSCAASGFDFSAGGMHWVRQAPGKGLEWVAVINATGAGKYYTDSVKGRFTISRDNSKNTLYLQMNTLRAEDTAVYYCARGLDAAGIHPWGWGKGTTVTVSSAS,DIQMTQSPSSLSASVGDRVTITFSTSEDDDDVGWYQQKPGKAPKLLIYDVSTRAGGVPSRFSGSGSGTDFTLTISSLQPEDFATYYAYVGARLPKGFGGGTKVEIKRTV,RGLDAAGIHPW,122,109,11,ok,REMARK_PDBinfo-LABEL
run2_1_dldesign_0,/content/drive/MyDrive/Algo/6CO3/AB_outputs/protein_mpnn/run2_1_dldesign_0.pdb,QVQLVESGGGVVQPGRSLRLSCAASGLDTTSGGMHWVRQAPGKGLEWVAVIDSSGAGKYYTDSVKGRFTISRDNSKNTLYLQMNTLRAEDTAVYYCARSFFPGTSSPPYGWGKGTTVTVSSAS,DIQMTQSPSSLSASVGDRVTITGSSSTDTFGWYQQKPGKAPKLLIVNTDLRPGGVPSRFSGSGSGTDFTLTISSLQPEDFATYYQMTYDSATNNWGFGGGTKVEIKRTV,RSFFPGTSSPPY,123,109,12,ok,REMARK_PDBinfo-LABEL
run2_2_dldesign_0,/content/drive/MyDrive/Algo/6CO3/AB_outputs/protein_mpnn/run2_2_dldesign_0.pdb,QVQLVESGGGVVQPGRSLRLSCAASGFDLSQGGMHWVRQAPGKGLEWVAVVSADGEGKYYTDSVKGRFTISRDNSKNTLYLQMNTLRAEDTAVYYCARLDVSTSRLVAYGWGKGTTVTVSSAS,DIQMTQSPSSLSASVGDRVTITFRASRGVAAGDIGWYQQKPGKAPKLLIRANSLRAGGVPSRFSGSGSGTDFTLTISSLQPEDFATYYAQVTSPFVGLGFGGGTKVEIKRTV,RLDVSTSRLVAY,123,112,12,ok,REMARK_PDBinfo-LABEL
run2_3_dldesign_0,/content/drive/MyDrive/Algo/6CO3/AB_outputs/protein_mpnn/run2_3_dldesign_0.pdb,QVQLVESGGGVVQPGRSLRLSCAASGWDFSKGGMHWVRQAPGKGLEWVAVIDDSGLGKYYTDSVKGRFTISRDNSKNTLYLQMNTLRAEDTAVYYCARYAGPVLTSAVTGWGKGTTVTVSSAS,DIQMTQSPSSLSASVGDRVTITGHADTEGIGWYQQKPGKAPKLLIYNTTTRAGGVPSRFSGSGSGTDFTLTISSLQPEDFATYYQAVFDYGRNLLGFGGGTKVEIKRTV,RYAGPVLTSAVT,123,109,12,ok,REMARK_PDBinfo-LABEL
run2_4_dldesign_0,/content/drive/MyDrive/Algo/6CO3/AB_outputs/protein_mpnn/run2_4_dldesign_0.pdb,QVQLVESGGGVVQPGRSLRLSCAASGFNFAAGGMHWVRQAPGKGLEWVAVIDANGKGKYYTDSVKGRFTISRDNSKNTLYLQMNTLRAEDTAVYYCARPAGGGAGDPRWVGWGKGTTVTVSSAS,DIQMTQSPSSLSASVGDRVTITFKTSRPNEDIGWYQQKPGKAPKLLIYGISTRVGGVPSRFSGSGSGTDFTLTISSLQPEDFATYYASVHDDSSGTGFGGGTKVEIKRTV,RPAGGGAGDPRWV,124,110,13,ok,REMARK_PDBinfo-LABEL
run2_5_dldesign_0,/content/drive/MyDrive/Algo/6CO3/AB_outputs/protein_mpnn/run2_5_dldesign_0.pdb,QVQLVESGGGVVQPGRSLRLSCAASGLKLATGGMHWVRQAPGKGLEWVAVISADGKGKYYTDSVKGRFTISRDNSKNTLYLQMNTLRAEDTAVYYCALAEDAGDLFFSGWGKGTTVTVSSAS,DIQMTQSPSSLSASVGDRVTITFKTSRPVPRSYVGWYQQKPGKAPKLLIYGSSFRAGGVPSRFSGSGSGTDFTLTISSLQPEDFATYYGAVWDPETQQLGFGGGTKVEIKRTV,LAEDAGDLFFS,122,113,11,ok,REMARK_PDBinfo-LABEL
run2_6_dldesign_0,/content/drive/MyDrive/Algo/6CO3/AB_outputs/protein_mpnn/run2_6_dldesign_0.pdb,QVQLVESGGGVVQPGRSLRLSCAASGWDLDDGGMHWVRQAPGKGLEWVAVIDDDGDGKYYTDSVKGRFTISRDNSKNTLYLQMNTLRAEDTAVYYCARGEAGRGWGKGTTVTVSSAS,DIQMTQSPSSLSASVGDRVTITFKTSKEVFDTIGWYQQKPGKAPKLLIYGSSARVGGVPSRFSGSGSGTDFTLTISSLQPEDFATYYARVTYPYPYGFGGGTKVEIKRTV,RGEAGR,117,110,6,ok,REMARK_PDBinfo-LABEL
run2_7_dldesign_0,/content/drive/MyDrive/Algo/6CO3/AB_outputs/protein_mpnn/run2_7_dldesign_0.pdb,QVQLVESGGGVVQPGRSLRLSCAASGFDFSAGGMHWVRQAPGKGLEWVAVIDANGSGKYYTDSVKGRFTISRDNSKNTLYLQMNTLRAEDTAVYYCARGGDDSGWGKGTTVTVSSAS,DIQMTQSPSSLSASVGDRVTITGKTSRPILNPASVGWYQQKPGKAPKLLIRGTSTRVGGVPSRFSGSGSGTDFTLTISSLQPEDFATYYQQVRDSRYGIGFGGGTKVEIKRTV,RGGDDS,117,113,6,ok,REMARK_PDBinfo-LABEL
run2_8_dldesign_0,/content/drive/MyDrive/Algo/6CO3/AB_outputs/protein_mpnn/run2_8_dldesign_0.pdb,QVQLVESGGGVVQPGRSLRLSCAASGVDLSKGGMHWVRQAPGKGLEWVAVISADGKGKYYTDSVKGRFTISRDNSKNTLYLQMNTLRAEDTAVYYCALLAGPFGYGWGKGTTVTVSSAS,DIQMTQSPSSLSASVGDRVTITSKSSKPVYVGWYQQKPGKAPKLLIYNASNRAGGVPSRFSGSGSGTDFTLTISSLQPEDFATYYSMAYDPDTNKLGFGGGTKVEIKRTV,LLAGPFGY,119,110,8,ok,REMARK_PDBinfo-LABEL
run2_9_dldesign_0,/content/drive/MyDrive/Algo/6CO3/AB_outputs/protein_mpnn/run2_9_dldesign_0.pdb,QVQLVESGGGVVQPGRSLRLSCAASGFDLGAGGMHWVRQAPGKGLEWVAVINSAGDGKYYTDSVKGRFTISRDNSKNTLYLQMNTLRAEDTAVYYCARSTSGDSPFMSGWGKGTTVTVSSAS,DIQMTQSPSSLSASVGDRVTITAKLSSPDPPFSTIGWYQQKPGKAPKLLIYGADGNAGGVPSRFSGSGSGTDFTLTISSLQPEDFATYYFADYGKTKGIGFGGGTKVEIKRTV,RSTSGDSPFMS,122,113,11,ok,REMARK_PDBinfo-LABEL
