antigen,task,pair_id,vh_sequence,vl_sequence,species_token,vh_prompt,vl_prompt,pairing_policy,pairing_seed,model
HER2,task3_de_novo_pairs,HER2_P_000,EVQLVESGGGLVQPGGSLRLSCAASGFTFSSYSINWVRQAPGKGLEWVSYISSSSSTIYYADSVKGRFTISRDNAKNSLYLQMNSLRAEDTAVYYCARDDMMKDYGMDVWGQGTTVTVSS,DIQMTQSPSTLSASVGDRVTISCRASQSIVSWLAWYQQKPEKAPKLLIYDASSLESGVPSRFSGSGSGTEFTLTISSLQPDDFATYYCQHSNVFGQGTKVEIK,[HUMAN],EVQ,DIQ,random_one_to_one,1042,IgLM
HER2,task3_de_novo_pairs,HER2_P_001,EVQLLESGGGLVKPGGSLRLSCAASGFTFSSYAMSWVRQAPGKGLECVSAISGSGGSTYYADSVKGRFTISRDNSKTTLYLQMNSLRAEDTAVYYCAKSGWYHWYFDLWGRGTLVTVSS,DIQMTQSPSSLSASVGDRVTITCRASQGISNYLAWYQQKPGKAPKLLIYAASTLQSGVPSRFSGSRSGTDFSLTISSLQPEDVATYYCQKYNNAPWTFGQGTKVEIK,[HUMAN],EVQ,DIQ,random_one_to_one,1042,IgLM
HER2,task3_de_novo_pairs,HER2_P_002,EVQLVESGGGLVQPGGSLRLSCAASGFTFSSYWMHWVRQAPGKGLVWVSRINSDGSSTSYADSVKGRFTISRDNAKNTLYLQMNSLRAEDTAVYYCARDTNYYDSSGYFDYWGQGTLVTVSS,DIQMTQSPSTLSASVGDGVTITCRASQHIGSWLAWYQQKPGKAPKLLIYKASSLEGGVPSGFSGSGSGTEFTLTISSLQPDDFATCYCQQYDIYSKTFGQGTKVEVK,[HUMAN],EVQ,DIQ,random_one_to_one,1042,IgLM
HER2,task3_de_novo_pairs,HER2_P_003,EVQLVESGGGLVQPGGSLRLSCAASGFTFSNYNMNWVRQAPGKGLEWVSYITTSSSPIYYADSVKGRFTISRDNAKNSLYLQMNSLRADDTAMYYCVRDDSFTAYSFDYWGRGTLVTVSS,DIQMTQSPSTLSASVGDRVTITCRASQSISSWLAWYQQKPGKAPKLLIYDASSLESGVPSRFSGSGSGTEFTLTISSLQPADFATYYCQQYSSNTVTFGGGTKVEIK,[HUMAN],EVQ,DIQ,random_one_to_one,1042,IgLM
HER2,task3_de_novo_pairs,HER2_P_004,EVQLVESGGGLVKPGGSLRLSCAASGFTFSSYSMNWVRQAPGKGLEWVSSISSSSYIYYADSVKGRFTISRDNAKNSLYLQMNSLRTEDTALYYCAKLGHQSPFYYFDNWCQGTLVTVSS,DIQMTQSPSSLSASVGDRVTITCRASQGIRNDLGWFQQKPGKAPKRLIYAASSLQSGVPSRFSGSGSGTEFTLTISSLQPEDFATYYCLQHNSYPYTFGPGTKLDIK,[HUMAN],EVQ,DIQ,random_one_to_one,1042,IgLM
HER2,task3_de_novo_pairs,HER2_P_005,EVQLVESGGGLVQPGGSLRLSCVASGFTFSNYWMSWVRQTPGKGLEWVANIKQDGGEKYYVDSVKGRFTISRDNAKNSLYLQMNSLRAEDTAVYFCVSQTGSPNYWGQGTLVTVSS,DIQMTQSPSSLSASVGDRVTISCRASQSVSSWLAWYQQKPGTAPKLLIYKASSLESGVPSRFSGSGVGTDFTLTISSLQPEDFATYYCQQANSFPFTFGPGTKVDIK,[HUMAN],EVQ,DIQ,random_one_to_one,1042,IgLM
HER2,task3_de_novo_pairs,HER2_P_006,EVQLVESGGGLVKPGGSLRLSCAASGFTFSSYSMNWVRQAPGKGLEWVSSISSSSSYIYYADSVKGRFTISRDNAKNSLYLQMNSLRAEDTAVYYCARGGLGPYYYGYSGSSGAFDIWGQGTKVTVSS,DIQMTQSPSSLSASIGDRVIITCRASQGINNYLAWYQQRPGKVPKLLISAASTLQSGVPSRFSGSGSGTEFTLTISSLQPEDVATYYCQKYNSAPIAFGQGPRLEIK,[HUMAN],EVQ,DIQ,random_one_to_one,1042,IgLM
HER2,task3_de_novo_pairs,HER2_P_007,EVQLVESGGGLVQPGGSLRLSCAASGFTFSSYSMNWVRQAPGKGLEWVSYISSSSTIYYADSVKGRFTISRDNAKNSLYLQMNSLRAEDTAVYYCARASGYYYYYAYGMDVWGQGTTVTVSS,DIQMTQSPSSLSASVGDRVTITFQANQDISNYLNWYQQKPGKAPKLLIYDASNLETGVPSRFSGSGSGTDFTFTISSLQPEDIATYYCQQYDNLLLFTFGP,[HUMAN],EVQ,DIQ,random_one_to_one,1042,IgLM
HER2,task3_de_novo_pairs,HER2_P_008,EVQLVESGGGLVQPGGSLRLSCAASGVTLTANSMTWVRRAPGKGLEWVSIIYTDGDTVYADSVRGRFTISRDNSKDMVYLQMDSLRAEDTAVYYCARDPRGPTGYRGPRDTFDYWGQGTLVTVSS,DIQMTQSPSSLSASVGDRVTITCRASQSISSYLNWYQQKPGKAPKLLIYAASSLQSGLPSRFSGSGSGTEFTLPISSLQPEDFATYYCLHSYSTRLTFGGGTKVEIK,[HUMAN],EVQ,DIQ,random_one_to_one,1042,IgLM
HER2,task3_de_novo_pairs,HER2_P_009,EVQLVESGGGLVKPGGSLRLSCAASGFTFSSYAMSWVRQAPGKGLEWVSTISGSGGSTYYADSVKGRFTISRDQSKNTLYLQRNSLRAEDTAVYYCARDWVWVDTMVGRVSKFDYWGQGTLVTVSS,DIQMTQSPSSLSASVGDRVTITCRASQGISTYLAWYQHNPGKVPKLLIYAASTLQSGVPSRFSDSGSGTDFTLTISSLQPEDVATYYCQEYSNAPTWTFGQGTKVEIK,[HUMAN],EVQ,DIQ,random_one_to_one,1042,IgLM
HER2,task3_de_novo_pairs,HER2_P_010,EVQLVESGGGWVQPGGPLRLSCAASGFIFSNYAINWVRQAPGKGLEWVSYISSSGNTIYYADSVKGRFTISRDNVKNSLYLQMNSLRDEDTAVYYCARGSAALYWGQGTLVTVSS,DIQLTPSPSFLSASVGDRVTITCRASQGISNYLAWYQQKPGKAPKLLIYAASTLQSGVPSRFSGSGSGTEFTLTISSLQPEDFATYYCQQLNSYPQWTFGQGTKVEIK,[HUMAN],EVQ,DIQ,random_one_to_one,1042,IgLM
HER2,task3_de_novo_pairs,HER2_P_011,EVQLLESGGGLVQPGGSLRLSCAASGFTFSNYAMSWVRQAPGKGLEWVSAISGSGVNTYYADSVKGRFTISRDHSKNTLYLQMNSLRAEDTAVYYCAKDIYPQLTHFDYWGQGTLVTVSS,DIQMTQSLSSLSASVGDRVTITCRASQDIRNDLGWYQQKPGKAPKRLIYAASRLQSGVPSRFSGSGSGTEFTLTISSLQPEDFATYYCLQHNTYLLTFGGGTKVEIK,[HUMAN],EVQ,DIQ,random_one_to_one,1042,IgLM
HER2,task3_de_novo_pairs,HER2_P_012,EVQLVESGGGLVQPGRSLRLSCAASGFSFDDYAMHWVRQAPGKELEWVSGISWNSGSIGYADSVKGRFTISRDNAKNSLYLQMNSLRAEDTALYYCAKDGTWYYGSIYYSGYYFDYWGQGTLVTVSS,DIQMTQSPSTLSASVGDRVTITCRASQSVSNWLAWYQQKPGKAPKLLIYKASSLESGVPSRFRGSGSGTEFTLTISSLQSDDFTTYYCQQYYSLWTFGQGTKVEIK,[HUMAN],EVQ,DIQ,random_one_to_one,1042,IgLM
HER2,task3_de_novo_pairs,HER2_P_013,EVQLVESGGGLVQPGASLRLSCAASAFTFSSYAMSWVRQAPGKGLEWVSAISGSGGSTYYADSVKGRFTISRDNSKNTLYLQMNSLRAEDTAVYYCAKSYEPRDLWSPEPWGQGTLVTVSS,DIQLTQSPSFLSASVGDRVTITCRASQGISSYLAWYQQKPGKAPKLLIYAASTLQTGVPSRFSGSGSGTVFTLTISSLQPEDFATYYCQQLNSYLCFGPGTKVDIK,[HUMAN],EVQ,DIQ,random_one_to_one,1042,IgLM
HER2,task3_de_novo_pairs,HER2_P_014,EVQLVESGGGLVKPGGSLRLSCAASGFTFSSYSRNWVRQAPGKGLEWVSSISSSSSYIYYADSVKGRFTISRDNAKNSLYLQMNSLRAEDTAVYYCAREVEAAGISIRFDPWGQGTLVTVSS,DIQMTQSPSSLSASVGDRVTTTCRASQSISSYLNWYQQKPGKAPKLLIYAASSLQSGVPSRFSGSGSGTDFTLTISSLQPEDFATYYCQQSYSTSKRTFGQGTKVEIK,[HUMAN],EVQ,DIQ,random_one_to_one,1042,IgLM
HER2,task3_de_novo_pairs,HER2_P_015,EVQLLESGGDLVQPGGSLRLSCTASGFPFNYYAMTWVRQAPGKGLEWVAGIGQNGPNANYADSVKGRFTISRDNTKNTLFLQMNSLRADDTGVYFCAKDLVVVAPAIVGVWFDAWGQGTLVTVSS,DIQLTQSPSFLSASVGDRVTITCRASQGVSSYLAWYQQKPGKAPNLLIYGASTLQSGVPSRFSGSGAGTEFTLTISSLQPEDFATYYCQQLNNYPLTFGPGTKVDIK,[HUMAN],EVQ,DIQ,random_one_to_one,1042,IgLM
HER2,task3_de_novo_pairs,HER2_P_016,EVQLVESGGGLVKPGGSLRLSCAASGFTFSSYSMNWVRQAPGKGLEWVSSISSSSSYIYYADSVKGRFTISRDNAKNSLYLQMNSLRAEDTAVYYCAREFKGGRFLPFWEWGMDVWGQGTTVTVSS,DIQMTQSPSTLSASVGDRVTITCRASQSISNWLAWYQQRSGKAPKLLIYRATNLESGVPSRFSGSGFGTEFTLTISSLQPDDFATYYCQRYLDYPPTFGGGTKVEVK,[HUMAN],EVQ,DIQ,random_one_to_one,1042,IgLM
HER2,task3_de_novo_pairs,HER2_P_017,EVQLVESGGGLIQPGGSLRLSCAASGFTVSSNYMSWVRQAPGKGLEWVSVIYSGGTTYYADSVKGRFTISRDNAKNSLYLQMNSLRAEDTAVYYCARGRSGLYDAFDIWGQGTMVTVSS,DIQMTQSPSSLSASVGDRVTITCRASQSISNYLNWYQQKPGKAPKLLIYAASSLQSGVPSRFSGSGSGTDFTLTISSLQPEDFATYYCQQSYSTLTYTFGQGTKLEIK,[HUMAN],EVQ,DIQ,random_one_to_one,1042,IgLM
HER2,task3_de_novo_pairs,HER2_P_018,EVQLLESGGGLVQPGGSLRLSCAASGFTFSSYAMRWVRQAPGKGLEWVSAISGSGGSTYYADSVKGRFTISRDNSKNTLYLQMNSLRAEDTAVYYCAKGIKGYGYWGQGTLVTVSS,DIQMTQSPYTLSASVGDRVTITCRASQSISSWVAWYQQKPGKAPKLLIYDASRLEGGVPSRFSGSGSGTEFTLTISSLQPDDFATYYCQQYNSLLFTFGPGTKVDIK,[HUMAN],EVQ,DIQ,random_one_to_one,1042,IgLM
HER2,task3_de_novo_pairs,HER2_P_019,EVQLVESGGGLIQPGGSLRLSCAASGFTVSSNYMSWVRQAPGKGLEWVSVIYSGGSTYYADSVKGRFTISSDNSKNTLYLQMNSLRAEDTAVYYCARAYSGSFYWYFDLWGRGTLVTVSS,DIQMTRSPSSLTASVGDRVTLTCRASQGIRNDLSWYQQKPGKVPKRLIYAASSLQSGVPSRFSGSGSGTEFTLTISSLQPEDFATYFCLQHNSYPRTFGQGTKVEIK,[HUMAN],EVQ,DIQ,random_one_to_one,1042,IgLM
HER2,task3_de_novo_pairs,HER2_P_020,EVQLQQSGAELVKPGASVKLSCTASGFNIKDYYMHWVKQRTEQGLEWIGRIDPEDGETKYAPKFQGKATITADTSSNTAYLQLSSLTSEDTAVYYCARSLWLRQPFDYWGQGTTLTVSS,DIQMTQSPSSLSASVGDRVIITCRASQTISRYLNWYQQKPGKAPKLLIYAASSLKSGVPSRFSGSGSGTDFTLTISSLQPEDFATYYCQQSNITPWTFGQGTKVEIE,[HUMAN],EVQ,DIQ,random_one_to_one,1042,IgLM
HER2,task3_de_novo_pairs,HER2_P_021,EVQLVESGGGLVKPGGSLRLSCAASGFTFSYYTMNWVRQAPGKGLEWVSSISVSSTSISYADSVKGRFTISRDNAKNSLYLQMKSLRAEDTAVYYCAREAHYDSGRYYYDYWGQGMLVTVSS,DIQMTQSPSSLSASVGDRVIITCRARQSISTYLNWYQQKPGKAPKILIYAASSLQSGVPSRFSGSGSGTDFTLTISSLQPEDFATYHCQQSYSTPYTFGQGTKLEIK,[HUMAN],EVQ,DIQ,random_one_to_one,1042,IgLM
HER2,task3_de_novo_pairs,HER2_P_022,EVQLVESGGGLVQPGRSLRLSCAASGFTFDDHAMHWVRQAPGKGLEWVSGISWNSGIIGYADSVKGRFTISRDNAKNSLYLQMKTLRAEDTALYYCAKSSTLYSSPCDYWGQGTLVTVSS,DIQMTQSPSSLSAFVGDRVTITCRASQSISTYLNWYQQKSGKAPKLLIYASSRLQSGVPSRFSGIGSGTTFTLTISSLQPEDFATYYCQQSYSTSFTFGQGTKLEIK,[HUMAN],EVQ,DIQ,random_one_to_one,1042,IgLM
HER2,task3_de_novo_pairs,HER2_P_023,EVQLVESGGGLVQPGGSLRLSCAASGFTFSSYWMHWVRQAPGKGLVWVSRINSDGSSTSYADSVKGRFTISRDNAKNTLYLQMNSLRAEDTAVYYCARDSSVAMGVIGAFDIWGQGTMVTVSS,DIQMTQSPSSLSASVGDRVTITGRASQGIRNDLGWYQQKPGKAPKRLIYAASSLQSGVPSRFSGSGSGTEFTLTISSLQPEDFATYYCLQHNSYPHTFGQGTKLEIK,[HUMAN],EVQ,DIQ,random_one_to_one,1042,IgLM
HER2,task3_de_novo_pairs,HER2_P_024,EVQLVESGGDLVKPGGSLSLSCEVSGFTFSGAWMSWVRQAPGKGLEWVGHVKSKREGGTRDSAEPVKGRFTISRDDSKNTLHLQMNSLRAEDTAVYFCARVTYSSTWYIDYWGQGTLVTVSS,DIQMTQSPSSLSASVGDRVTITCRASQSISSYLNWYQQKPGKAPKLLIYAASSLQSGVPSRFSGSGSGTDFTLTISSLQPEDFATYYCQQSYSNPFTFGPGTKVDIK,[HUMAN],EVQ,DIQ,random_one_to_one,1042,IgLM
HER2,task3_de_novo_pairs,HER2_P_025,EVQLVESGGGLVKPGGSLRLSCAASGFTFSSYDMHWVRQATGKVLEWVSAIGTAGDTYYPGSVKGRFTISRENAKNSLYLQMNSLRAGDTAVYYCARGRTGYSSRPDYWGQGTLVTVSS,DIQMTQSPSSVSASVGDRVTITCRASQGIETWLAWYQQKPGKAPKLLIYAASNLHSGVPSRFSGSGSGTDFTLTIASLQPEDFATYYCQQGNVFPFTFGQGTKLEVK,[HUMAN],EVQ,DIQ,random_one_to_one,1042,IgLM
HER2,task3_de_novo_pairs,HER2_P_026,EVQLLESGGGLVQPGGSLRLSCAASGLTFSSYAMSWVRQAPGKGLEWVSAISGSGGSTYYADSVKGRFTISRDNSKNTLYLQMNSLRAEDTAVYYCAKVPVRLQVAPVAILDYWGQGTLVTVSS,DIQLTRSPSSLSASVGDRVTITCRASQAISTYLNWYQQRPGKAPKLLIYVASRLQGGVPSGCSGSGSGTDFTLTISSLQPEDFATYYCQQSYTTPYTFGQGTKLEIK,[HUMAN],EVQ,DIQ,random_one_to_one,1042,IgLM
HER2,task3_de_novo_pairs,HER2_P_027,EVQLLESGGGLVQPGGSLRLSCAASRFTFSSYAMSWVRQAPGKGLEWVSAISGSGGSTYYADSVKGRFTISRDNSKNTLYLQMNSLRAEDTAVYYCAKDGPDDSSDSYYWFDPWGQGTLVTVSS,DIQMTQSPSSLSASVGDRVTITCRASQNISIYLNWYQQKPGKAPKLLIYAASSLQSGVPSRFSGSGSGTDFTLTISSLLPEDFATYHCQQSYSSPWTFGQGTKVEIK,[HUMAN],EVQ,DIQ,random_one_to_one,1042,IgLM
HER2,task3_de_novo_pairs,HER2_P_028,EVQLVESGGGLVQPGGSLRLSCAASQFNFSSYSMNWVRQAPRKGLEWVSYISGSSRTIYYADSMKGRFTGSRDNAENALYLQMSSLRDEDTAVYYCARDLRGDTGYGYDYWGQGTLVTVSS,DIQMTQSPSSVSASVGDRVTITCRTSQGISSWLAWYQQKPGKAPKLLIYAASNLQSGVPSRFSGSRSGTDFTLTITSLQPEDFATYYCQQANSFPYTFGQGTKLEIK,[HUMAN],EVQ,DIQ,random_one_to_one,1042,IgLM
HER2,task3_de_novo_pairs,HER2_P_029,EVQLVESGGGLVQPGGSLRLSCAASGFTFSSYSMNWVRQAPGKGLEWVANIKQDGSEKYYVDSVKGRFTISRDNAKNSLYLQMNSLRAEDTAVYYCARGGNWFDPWGQGTLVTVSS,DIQLTQSPSFLSASIGDRVTITCRASQGISNYLAWYQQTPGKAPKRLIYAASTLKSGVPSRFSGSGSGTEFTLTISSLQPEDFAPYYCQQLNSYPLTFGQGTRLDIK,[HUMAN],EVQ,DIQ,random_one_to_one,1042,IgLM
p24,task3_de_novo_pairs,p24_P_000,EVQLLESGGGLVQPGGSLRLSCAASGFTFSSYAMSWVRQAPGKGLEWVSASSGSGGSTYYADSVKGRFTISRDNSKNTLYLQMNSLRAEDTAVYYCAKDGGVYDSSGALFYYGEYSYWGQGTLVTVSS,DIQMTQSPSSLSASVGDRVTITCRASQTISRCVNWYQQKPGKAPNLLIYAASSLQSGVPSRFTGSGSGTDFTLTITSLQPEDFATYYCLQSNSFPYTFGQGTKLEIK,[HUMAN],EVQ,DIQ,random_one_to_one,2042,IgLM
p24,task3_de_novo_pairs,p24_P_001,EVQLVESGGGLVQPGGSLRLSCAASGFTFSSYWMHWVRQAPGKGLVWVSRINSDGSSTNYADSVKGRFTISRDNAKNTLYLQMNSLRAEDTAVYYCARIHSRSSRRYYFDYWGQGTLVTVSS,DIQMTQSPSSVSASVGDRVTITCRASQGISSWLAWYQQKPGKAPKLLIYAASSLQSGVPSRFSSSGSGTDFTLTISSLQPEDFATYYGQQANRVPRTFGQGTKVEIK,[HUMAN],EVQ,DIQ,random_one_to_one,2042,IgLM
p24,task3_de_novo_pairs,p24_P_002,EVQLVQSGAEVKKPGESLKISCKGSGYSFTSYWIGWVRQMPGKGLEWMGIIYPGDSDTRYSPSFQGQVTISADKSISTAYLQWSSLKASDTAMYYCARRGLWFGESALYYFDYWGQGTLVTVSS,DIQMTQSPPSLSASVGDRVTITCRTSQSIDTYLNWYQQKPGKAPNLLIYAASTLQSGVPSRFSGSGSGTDFTLTISSLQPNDFATYYCQQCYRPPYTFGQGTKFEIK,[HUMAN],EVQ,DIQ,random_one_to_one,2042,IgLM
p24,task3_de_novo_pairs,p24_P_003,EVQLVQSGAEVKKPGESLRISCKGSGYSFTSYWISWVRQMPGKGLEWMGRIDPSDSYTNYSPSFQGHVTISADKSISTAYLQWSSLKASDTAMYYCARLSDLDAFDIWGQGTMVTVSS,DIQMTQSPSSLSASVGDRVTITCRASQSISNYLNWYQQKPGKAPQLLIYAASSLQSGVPSRFSGSGSGTDFTLTISSLQPEDLATYYCQESYTTPPAFGGGTKVEIK,[HUMAN],EVQ,DIQ,random_one_to_one,2042,IgLM
p24,task3_de_novo_pairs,p24_P_004,EVQLLESGGGLVQPGGSLRLSCAASGFTFSSYAMSWVRQAPGKGLEWVSAISGSGGSTYYADSVKGRFTISRDNSKNTLYLQMNSLRAEDTAVYYCAKDLYDFWSLYGYYFDYWGQGTLVTVSS,DIQMTQSPSSLSASVGDRVTITCRASQGISNYLAWYQQKPGKVPKLLIYAASTLQSGVPSRFSGSGSGTDFTLTISSLKPEDVATYYIQQYNSAPFTFGPGTKVDIK,[HUMAN],EVQ,DIQ,random_one_to_one,2042,IgLM
p24,task3_de_novo_pairs,p24_P_005,EVQVVESGGGWEQLGGSLRLSCAASGFTFSNYWMSWVRQAPGKGLEWVATIKEDGSEKYYVDSVKGRFTISRDNAKNSLYLQMNSLRAEDTAVYYCASTRYCSSCSTFGFYSWGQGTLVTVSS,DIQMTQSPSTLSASVGDRVTITCRASQSISSWLAWYQQKPGKAPKLLIYKASSLESGVPSRFSGSGSGTEFTRTISSLQPDDFATYYCQQYNSYTNPFGPGTKVDIK,[HUMAN],EVQ,DIQ,random_one_to_one,2042,IgLM
p24,task3_de_novo_pairs,p24_P_006,EVQLVESGGGLVQPGGSLRLSCEASGFTFSSYWMSWVRQAPGKGLEWVANIKQDGSEKYYVDSVKGRFTISRDNAKNSLYLQMNSLRAEDTAVYYCARDMGMRGFLEWYYYPGGLYYMDVWGKGTTVTVSS,DIQMTPSPSSLSASVGDRVTITCQASQDISNYLNWYQQKPGKAPKLLIYDASNLETGVPSRVSGSGSGTVFTFTISSLQPEDIATYYCQQYDNLPYTFGQGTKLEIK,[HUMAN],EVQ,DIQ,random_one_to_one,2042,IgLM
p24,task3_de_novo_pairs,p24_P_007,EVQLVESGGGLVQPGGSLRLSCAASGFTFSSYSMNWVRQAPGKGLEWVSYISSSSSTIYYADSVKGRFTISRDNAKNSLYLQMNSLRDEDTAVYYCARDVPVATGEDFDYWGQGTLVTVSS,DIQMTQSPSTLSASVVDRVTITCRPSQSISNWLAWYQQKPGKAPKLLIYKASSLESGVPSRFSGSGSGTEFTLTISSLQPDDFATYYCQQYNRFWTFGQGTKVEIK,[HUMAN],EVQ,DIQ,random_one_to_one,2042,IgLM
p24,task3_de_novo_pairs,p24_P_008,EVQLVESGGGLVQPGGALRLSCAAAGFTLRSYWMQWVRQVPGKGLVGVSRMKGDGSSTSNADSAKGRFTIARDNAKNTLYLQMNSLRPEDTAVYYCTSEVRTDWGQGTLATVSS,DIQMTQSPSSLSASVGDRVTITCRASQGIRDDLGWYQQKPGKAPKRLIYAASSLQSGVPSRFSGSGSGTEVTITISSRQPEDFATYYCRHQKNCKWTFGQGTKVEIK,[HUMAN],EVQ,DIQ,random_one_to_one,2042,IgLM
p24,task3_de_novo_pairs,p24_P_009,EVQLVESGGGLVQPGGSLGLSCAASGVTFSNYWMHWVRQAPGKGLVWVSRIKSEGSSTSYADSVKGRFTISRDNAKNTLYLQMNSLRAEDTAVYYCARQILGATSFDYWGQGTLVTVSS,DIQMTQSPSSLSASVGDRVTITCQASQDISNYLNWYQQKPGKAPKLLIYDASNLEPGGPARVSGSGSGTDFTFTISSLQPEDITLYYCQQYDNLPRTFGQGTKLEIK,[HUMAN],EVQ,DIQ,random_one_to_one,2042,IgLM
p24,task3_de_novo_pairs,p24_P_010,EVQLLESGGGLVQPGGSLRLSCAASGFTFSSYVMNWARQAPGKGLEWVSSISGSGGATYYADSVKGRFTISRDNSKNTLFLQMNSLRAEDTALYYCAIRSNWDHYFDYWGQGTLVTVSS,DIQMTQSPSSLSASVGDRVTITCRASQGIRNDLGWYQQKPGKAPTRLIYAASNLQSGVPSRFSGSGSGTEYTLTISSLQPEDFATYYCLQHNSYPPTFGPGTKVDIK,[HUMAN],EVQ,DIQ,random_one_to_one,2042,IgLM
p24,task3_de_novo_pairs,p24_P_011,EVQLVESGGGLVQPGGSLRLSCAASGFTFSSYSMNWVRQAPGKGLEWVSYISSSSSTIYYADSVKGRFTISRDNAKNSLYLQMNSLRDEDTAVYYCARDGPDILTKHYGDAFDIWGQGTMVTVSS,DIQMTQSPSSLSASVGDRVTVTCRASQSINSYLNWYQQKPGKAPKLLIYAASILQSGVPSRFRGSGSGTDFTLTISSLQPEDFATYYCQQSYSTPRTFGQGTKLEI,[HUMAN],EVQ,DIQ,random_one_to_one,2042,IgLM
p24,task3_de_novo_pairs,p24_P_012,EVQLVESGGGLVQPGGSLRLSCAASGFTVSSNYMSWVRQAPGKGLEWVSVICSGGSTYYADSVKGRFTISRDNSKNTLYLQMNSLRAEDTAVYYCARDLGLSAFDIWGQGTMVTVSS,DIQMTQSPSSLSASVGDRITITCRASQDISTYLAWFQQKPGKVPKLLIYAASTLQSGVPSTFGGSGSGTEFTLIISSLQPEDSATYYCLQYDLYPRTFGQGTKVEVK,[HUMAN],EVQ,DIQ,random_one_to_one,2042,IgLM
p24,task3_de_novo_pairs,p24_P_013,EVQLVESGGGLVQPGGSLRLSCAASGFTFSSYAMHWVRQAPGKGLEYVSTISSNGGSTYYANSVKGRFTISRDNSKNTLYLQMGSLRAEDMAVYYCARAIAAAGTAREYGRPDYMDVWGKGTTVTVSS,DIQMTQSPSSLSASVGDRVTITCRASQGIRNDLGWYQQKPGKAPNRLIYAASNLQSGGPTRFSGSGSGTEFTLTISSLQPEDFATYYCLQHNSYPPAFGQGTKVEIK,[HUMAN],EVQ,DIQ,random_one_to_one,2042,IgLM
p24,task3_de_novo_pairs,p24_P_014,EVQLLESGGGLVQPGGSLRLSCAASGFTFSSYAMCWVRQAPGKGLEWVSAISGSGGSTYYADSVKGRFTISRDNSKNTLYLQMNSLRAEDTAVYYCAKGGGSSAGYYYYGMDVWGQGTTVTVSS,DIQLTQSPSFLSASVGDRVTITCRPSQGSSSYLAWYQQKPGNAPQLLIYAASTLQSGVPSRFSGSGSGTEFTLTISSLQPEDVATYYCQKYNSAPDNFGQGTKVEIK,[HUMAN],EVQ,DIQ,random_one_to_one,2042,IgLM
p24,task3_de_novo_pairs,p24_P_015,EVQLLQSGAEVKKPGESLKISCKASGYTFISYYIAWVRQMPGKGLEWMGIIYPADSDTRYSPSFQGQVTISVDNSISTAYLQWRSLKASDTALYFCARRGGGPWSGLFDYWGQGTLVTVSS,DIQMTQSPSSLSASVGDRVTITCRASQGISNYLAWYQQKPGKVPKLLIYAASTLQSGVPSRFSGSGSGTDFTLTISRLQPEDVATYYCQNYDGAPWTFGQGTKVEI,[HUMAN],EVQ,DIQ,random_one_to_one,2042,IgLM
p24,task3_de_novo_pairs,p24_P_016,EVQLVESGEGLVQPGGSLGLSCAASGFTFSSYAMHWVRQAPGKGREYVSAISSNGGSTYYADSGKGRFTISRDNAKNSLYLQMNSLRAEDTAVYYCARDTGGNWFDPWGQGTLVTVSS,DIQMTQSPHTLSASVGDRVTITCRASQTISSWLAWYQQKPGKAPNFLIYDASNLESGVPSRFSGSGSGTEFTLTITSLQPYDFATYHCQQDSSSSYTFGQGTKLEIK,[HUMAN],EVQ,DIQ,random_one_to_one,2042,IgLM
p24,task3_de_novo_pairs,p24_P_017,EVQLLESGGGLVQPGGSLRLSCAASGFTFSSYAMSWVRQAPGKGLEWVSAISDSGGRTYYADSVKGRFTISRDNSKNTLYLQMNSLRAEDTAVYYCAKDAVVPAYYFDYWGPGTLVTVSS,DIQMTQSPSSVSASVGDRVTITCWASQGISSWLAWYQQKPGKAPKLLIYAASSLQSGVPLRFSGSGSGTDFTLTISSRRPEDFAAYYFQQANSFPQTFGGGTKVEIK,[HUMAN],EVQ,DIQ,random_one_to_one,2042,IgLM
p24,task3_de_novo_pairs,p24_P_018,EVQLVESGGGLVQPGGSLRLSCAASGFTVSSNYMSWVRQAPGKGLAWVSVIYSGGSTYYADSVKGRSTISRHNSKNTLYLQMNSLRAEDTALYYCAKDLLIRWHWFDPWGQGTLVTVSS,DIQMTQSPSSLSASLGDRVTITCRASQSISAYLNWYQQKPGKAPKLLIYAASSLQSGVPSRFSGSGSGTAFTLTISSLQPEDFATYYCQQSYTTRPYTFGQETKLEIK,[HUMAN],EVQ,DIQ,random_one_to_one,2042,IgLM
p24,task3_de_novo_pairs,p24_P_019,EVQLVESGGGLVKPGGSLRRSCAASGFTFSSYSMNWVRQAPGKGLEWVSSISSSSSYIYYADSVKGRFTISRDNAKNSLYLQMNSLRAEDTAVYYCARGILTGGWFDPWGQGTLVTVSS,DIQMTQSPSTLSASVGDRVTITCRASQSISRWLAWYQQKPGMAPKLLIYKASSLESGVPSRFSASGSGTEFTLTISSLQPDDFATYYCQQYNSYSWTFGQGTKVEIK,[HUMAN],EVQ,DIQ,random_one_to_one,2042,IgLM
p24,task3_de_novo_pairs,p24_P_020,EVQLVESGGGLVQPGGSLRLSCAASGFTFSSYSMNWVRQAPGKGLEWVSYISSTSSTIYYADSVKGRFTISRDNAKNSLYLQMNSLRAEDTAVYYCARATREQPQGFDSWGQGTLVTVSS,DIQMTQSPSTLSASVGDRVTITCRASQSISSWFAWYQQKPGKAPNLLIYKASNLESGVPSRFSGSGSGTKFTLTISSLQPDDFATYYCQQYNTYPYTFGQGTKLEIK,[HUMAN],EVQ,DIQ,random_one_to_one,2042,IgLM
p24,task3_de_novo_pairs,p24_P_021,EVQLLESGGGLVQPGGSLRLSCAAPGFTFSSYAMSWVRQAPGKGLEWVSAISGSGGSTYYADSVKGRFTISRDNSKNTLYLQMNSLRAEDTAVYYCAKITFGGVDIIISIDYWGQGTLVTVSS,DIQMTQSPSSLSASVGDRITITCRASQSISSYLNWYQQKPGKAPKLLIYAASSLQSGVPSRFSGSGSGTDFTLTISSLQPEDFATYYCQQSYRTPTFGPGTKVDIK,[HUMAN],EVQ,DIQ,random_one_to_one,2042,IgLM
p24,task3_de_novo_pairs,p24_P_022,EVQLLESGGGLVQPGGSLRLSCTASGFTFDSHWMHWVRQAPGMGLVWVSRINGDGSSTDYAGSVQGRFTISRDNAKNTVYLQMNSLRAEDTAVYYCAKIRYDSSGYYPLYYGGMDVWGQGTTVTVSS,DIQMTQSPSSLSASVGDRVTITCQASKDIRNYLNWYQEKPGRAPKVLIYEASNLEKGVPLRFSGGGSGTHFTLTISRLQTEDLQ,[HUMAN],EVQ,DIQ,random_one_to_one,2042,IgLM
p24,task3_de_novo_pairs,p24_P_023,EVQLVESGGGVVRPGGSLRLSCAASGFTFDDYGMSWVRQAPGKGLEWVSGINWNGGSTGYADSVKGRFTISRDNSKNTLYLQMNSLRAEDTAVYYCRGVQPYDVGMDVWGQGTTVTVSS,DIQMTQSPSSLSASVGDRVTLTCRASQSISSYLNWYQQKPGKAPKLLIYAASSLQSGVPSRFSGSGSGTDFTLTISSLQPEDFATYYCQQSYSTLGTFGKGTKVEIK,[HUMAN],EVQ,DIQ,random_one_to_one,2042,IgLM
p24,task3_de_novo_pairs,p24_P_024,EVQLVESGGGLVKPGGSLRLSCAASGFTFSSYSMNWVRQAPGKGLEWVSSISSSSSYIYYADSVKGRFTISRDNAKNSLYLQMNSLRAEDTAVYYCARDRSITIFRVVGDAFDIWGQGTMVTVSS,DIQMTQSPSSLSASVGDRVTIPCRASQGIRNDLGWYQQKPGKAPKRLIYAASSLQSGVPSRFSGSGSGTEFTLTISSLQPEDFATYYCLQHNIYPFTFGPGTKVDIK,[HUMAN],EVQ,DIQ,random_one_to_one,2042,IgLM
p24,task3_de_novo_pairs,p24_P_025,EVQLLESGGGLVKPGGSLRLSCATSGFTFNSYSMTWVRQAPGKGLEWVAEIHSSGDIMIYADSVKGRFTISRDNSKSTVYLQMNSLRVEDTAVYYCARKAYSTTSSGFFDPWGQGSLVTVSS,DIQMTQSPSTLSASVGDRVTITCRASQSISTWLAWYQQKPGKAPKVLIYDASSLESGVPSRFSGSGSGTEFTLTISSLQPDDFATYYCQQYSSFSYTFGQGTKLEI,[HUMAN],EVQ,DIQ,random_one_to_one,2042,IgLM
p24,task3_de_novo_pairs,p24_P_026,EVQLVESGGGLVQPGGSLRLSCAASGFTFSSFWMSWVRQAPGKGLEWVANIKQDGSEKYYVDSVKGRFTISKDNAKNSLYLQMNSLRAEDTAVYYCARELYYDSSGYYNYWGQGTLVTVSS,DIQMTQSPSSLSASVGDRVNITCRASQSIRRYLHWYQQKPGKAPNLLIYAASSLQSGVPSRFSGSGSGNDFTLTISSLQPEDFATYYCQQSYSEFTFGPGTKVDIK,[HUMAN],EVQ,DIQ,random_one_to_one,2042,IgLM
p24,task3_de_novo_pairs,p24_P_027,EVQVVESGGDLVLPGGSLRLSCAASGFTFASSAVAWVRQSPGKGLEWVSTISGSGDRTYYADAVKGRFTISRDSSKNTLFLQMNSLRAEDTAVYYCAKGGDFDYWGQGTLVTVSS,DIQMTQSPSSLSASVGDRVTITCRASQSITTYLNWYQTNPGEAPKLVIFEASTLQGGVPSRFSGSGSGTDFTLTISSLQPEDFATYYCQQSLGIPRTFGQGTKVEIK,[HUMAN],EVQ,DIQ,random_one_to_one,2042,IgLM
p24,task3_de_novo_pairs,p24_P_028,EVQLVESGGGVVKPGGSLRLSCAASGFTFSNAWMSWARQAPGKGLEWVGRIKSKTDGGTTDYAAPVKGRFTISRDDSKNTLYLQMNSLKTEDTAVYYCTKSLRPYYGMDVWGQGTTVTVSS,DIQMTQSPSTLSASVGDRVTITCRARQSISSWLAWYQQKPGKAPKVLISKASSLESWVPSRFSGSGSGTEFTLTISSLQPDDFATYYCQQYNSSPWTFGQGTKVEIK,[HUMAN],EVQ,DIQ,random_one_to_one,2042,IgLM
p24,task3_de_novo_pairs,p24_P_029,EVQLLESGGGLIQPGGSLRLSCAASGFSFSDYAMSWVRQAPGKGLEWVSLITNSGGDAYYADSVRGRFTISRDNSKSTLFLQMSSLRGEDTAVYYCVKRGPVTPSPPRSAFDMWGQGTVVTVSS,DIQMTQSPSSVSASVGDRVTITCRASQGISSWLAWYQQKPGKAPKLLIYAASSLQSGVPSRFSGSGSGTDLTLTISSLQPEDFATYYCQQANSLPHTFGQGTKLEIK,[HUMAN],EVQ,DIQ,random_one_to_one,2042,IgLM
Amyloid-Beta,task3_de_novo_pairs,Amyloid-Beta_P_000,EVQLVESGGGLVKPGGSLRLSCAASGFTFSNAWMSWVRQAPGRGLEWVGRIKSKTDGGTTDYAAPVEGRFTISREDSKNMLYVQMNSLKTEDTALYYCSTDDYYGSGWSDAFDIWGQGTMVTVSS,DIQMTQSPSSLSASVGDRVTITCRASPSISSYLNWYQQKPGKAPKLLIYAASSLQSGVPSRFSGSGSGTDFTLTISPLPPDDFATYYCQQSYSTPPYTFGQGTKLEIK,[HUMAN],EVQ,DIQ,random_one_to_one,4042,IgLM
Amyloid-Beta,task3_de_novo_pairs,Amyloid-Beta_P_001,EVQLLESGGGLVQPGGSLRLSCAASGFSFSTYDMSWVRQAPGKGLEWVSYISGSGAAKQYADSVKGRFTISSDNTKNSLFLQMNSLRAEETAGEYCARGSTNYEGYGSWFAYMDVWGKGTTVTVSS,DIQVTQSPSTLSASVGDSVTITCRASQNIRSRLAWYQQKPGKAPKLLIYKISNLETGVPSRFSGSGSGTEFTLTISSLQPEDFATYYCQQAKSFPLTFGGGTKVEV,[HUMAN],EVQ,DIQ,random_one_to_one,4042,IgLM
Amyloid-Beta,task3_de_novo_pairs,Amyloid-Beta_P_002,EVQLLESGGGLVKPGGSLRLSCAASGFTFSSYSMNWVRQAPGKGLEWVSSISSSSSYIYYADSVKGRFTISRDNAKNSLYLQMNSLRAEDTAVYYCARDGGFGAVTFIDYWGQGTLVTVSS,DIQMTQSPSSLSASVGDRVTITCRASQGIRNDLGWYQQKPGKAPKRLIYAASSLQSGVPSRFSGSGSGTEFTLTISSLQPEDFATYYCLQHNFYPVTFGPGTKVDIK,[HUMAN],EVQ,DIQ,random_one_to_one,4042,IgLM
Amyloid-Beta,task3_de_novo_pairs,Amyloid-Beta_P_003,EVQLLESGGDLVQPGGSLRLSCAASGFTFSSYAMSWVRQAPGKGREWVAAISGSGGSTYYADSVKGRFTISRDNSKNTLYLQMNSLRAEDTAVYYCAKGHIVVETPDYWGQGTLVTVSS,DIQMTQSPSTLSASVGDRVTITCRASQSIGTWLAWYQQKPGEAPNVLIYKASALKSGVPSRFSGSGSGTEFSLTISSLQPDDVATYYCQQYNSYFFGPGTKVDIK,[HUMAN],EVQ,DIQ,random_one_to_one,4042,IgLM
Amyloid-Beta,task3_de_novo_pairs,Amyloid-Beta_P_004,EVQLLESGGGLVQPGGSLRLSCAASGFTFSSYAMSWVRQAPGKGLEWVSAISGSGGSTYYADSVKGRFTISRDNSKNTLYLQMNSLRAEDTAVYYCAKHRSLGGSYIIDYWGQGTLVTVSS,DIQMTQSPSSLSASVGDRVTFTCRASQSINNYVNWYQQKPGKAPKVLIYAASNLQSGVPSRFSGSGSGTDFTLTISSLQPEDFASYYCQQSYSTPLTFGGGTKVEIK,[HUMAN],EVQ,DIQ,random_one_to_one,4042,IgLM
Amyloid-Beta,task3_de_novo_pairs,Amyloid-Beta_P_005,EVQLLESVGGLVQPGGSLRLSCAASGFTFSRYAMSWVRQAPGKGLEWVSAISGSGGSTYYADSVKGRFTISRDNSKNTLYLQMNSLRAEDTAVYYCAKDSWIVVPVAPFDYWGQGTLVTVSS,DIQMTQSPSTLSASVGDRVTITCRASQSISSWLAWYQQKPGKAPKLLIYKASSLESGVPSRFSGSGSGTEFTLSINSLQPDDFATYYCQQYNSYSPWTFGQGTKVEIK,[HUMAN],EVQ,DIQ,random_one_to_one,4042,IgLM
Amyloid-Beta,task3_de_novo_pairs,Amyloid-Beta_P_006,EVQLLESGGGLVQPGGSLSLSCAASGFTFSSYAMSWVRQAPGKGLEWVSAISGSGGSTYYADSVKGRFTISRDNSKNTLYLQMNSLRAEDTAVYYCAKSGLGLELLFDWGQGTLVTVSS,DIQMTQSPSTLSASVGDRVTITCRASQSVSGWLAWYQQKSGKAPKLLIYTASNLESGVPSRFSGSASGTEFTLTISSLQPDDFATYYCQQYNSYSWTFGQGTTVEI,[HUMAN],EVQ,DIQ,random_one_to_one,4042,IgLM
Amyloid-Beta,task3_de_novo_pairs,Amyloid-Beta_P_007,EVQLVESGGGLVQPGGSLRLSCAASGFTVSSNYMSWVRQAPGKGLEWVSVIYSGGSTYYADSVKGRFTISRDKSKNTLYLQMNGLRAEETAVYYCARDGHTAMVYYSTYGMDVWGQGTTVTVSS,DIQMTQSPSSVSASVGDRVTITCRASQGFSCWLAWYQQKPGKAPKLLIYAASSLQSGVPSRFSGSGSGTDFTLTISSLQPEDFATYYCQQANSFFGPGTKVDIK,[HUMAN],EVQ,DIQ,random_one_to_one,4042,IgLM
Amyloid-Beta,task3_de_novo_pairs,Amyloid-Beta_P_008,EVQLVESGGGLVQPGGSLRLSCAASGFTFSSYSMNWVRQAPGKGLEWVSYISSSSSTIYYADSVKGRFTISRDNAKNSLYLQMNSLRAEDTAVYYCARDRPLPRYAFDIWGQGTMVTVSS,DIQMTQSPSTLSASVGDRVTIPCRASQSISSWLAWYQQKPGKAPKLLIYDASSLESGVPSRFSGSGSGTEFTLTISSLQPDDFATYYCQQYNSYSTLGQGTKLEIK,[HUMAN],EVQ,DIQ,random_one_to_one,4042,IgLM
Amyloid-Beta,task3_de_novo_pairs,Amyloid-Beta_P_009,EVQLLESGGGLVQPGGSLRLSCAASGFTFSSYAMSWVRQAPGKGLEWVSAISGSGGSTYYADSVKGRFTISRDNSKNTVFLQMNSLRAEDTAVYYCAKDPVGDPHYYYYGMDVWGQGTTVTVSS,DIQMTQSPSTLSASVGDSVTITCRASQSMSSWLAWYQWKPGKAPKLLIYEASSLESGVPSRFSGSGSGTEFTLTISSLQPGDFATYYCQQSYSTPRTFGGGTKVEIK,[HUMAN],EVQ,DIQ,random_one_to_one,4042,IgLM
Amyloid-Beta,task3_de_novo_pairs,Amyloid-Beta_P_010,EVQLLESGGGLVQPGGSLRLSCAASGFTFSSYAMSWVRHAPGKGLEWVSAISGSGGSTYYADSVKGRFTISRDNSKNTLYLQMNSLRAEDTAVYYCAKDFKFGELFDYWGQGTLVTVSS,DIQMTQSPSYLSASVGDRVTITCRASQSISSYLNWYQQKPGKAPKLLIYAASSFQSGVPSRFSGSRSGTDFTLTISSLQPEDFATYYCQQSYSTPWTFGQGTKVEIK,[HUMAN],EVQ,DIQ,random_one_to_one,4042,IgLM
Amyloid-Beta,task3_de_novo_pairs,Amyloid-Beta_P_011,EVQLVESGGGFVQPGGSLRLCCAASGFTLSNYWMHWVRQAPGKGLVWVSRIYSDGSITNYADSVKGRFTISRDNAKNTVSLQMNSLRDEDTAVYFWARKGRDYWGQGTLVTVSS,DIQMTQSPSSVSASVGDRVTITCRAIQGISSWLAWYQQKPGKAPKLLIYAASSLQSGVPSRFSGSGSGTDFTLTISSLQPEDFATYYCQQANSVPITFGPGTRLEIK,[HUMAN],EVQ,DIQ,random_one_to_one,4042,IgLM
Amyloid-Beta,task3_de_novo_pairs,Amyloid-Beta_P_012,EVQLLESGGGLVQPGGSLRLSCAASGFTFSSYAMSWVRQAPGKGLEWVSSISNSGGSTYYADSLQGRFTISRDNSKYTLYLRRNSLRPEDTAVYYCARGRGDNSYGRFPSARFDPWGQGTLVTVSS,DIQMTQSPSSLSASVGDRVTITCQASQDITNYLNWYQQKPGKAPKLLIYDASNLKTGAPSTFSGSGSGTDFTFTISSLQPEDVATYYCQQYAILLFTFGPGTKVDIK,[HUMAN],EVQ,DIQ,random_one_to_one,4042,IgLM
Amyloid-Beta,task3_de_novo_pairs,Amyloid-Beta_P_013,EVQLLESGGGLVQPGGSLRLSCAASGFADSSYAMSWARQAPGKGPEWVSDISGSGGSTYDADSVKGRFTISRDNSKNTLYLQMNSLRAEDTAVYYCAKDLYSKGAFDIWGQGTMVTVSS,DIQMTQSPSSLSASVGDRVTITCRASQTISSSLNWYQQKPGKAPKLLICAASRLQRGVPSRFSGSGSGTDFTLTISSLQPEDFATYYCHQSYNTPWTFGQGTKVEIK,[HUMAN],EVQ,DIQ,random_one_to_one,4042,IgLM
Amyloid-Beta,task3_de_novo_pairs,Amyloid-Beta_P_014,EVQLVQSGGGVVRPGGSLRLSCAASGFTFHDHGMSWVRQAPGKGLEWVSGINWNGGSIGYADSVKGRFTISRDNAKNSLYLQMNSLRAEDTALYYCARSHYYESGSYYFGYWGQGTLGTVSS,DIQMTQSPSTLSASVGDRVTITCRASQSISSWLAWYQQKPGKAPNLLIYKASSLESGVPSRFSGSGSGTEFTLTISSLQPDDFATYYCQQYNSDYTFGQGTKLEIK,[HUMAN],EVQ,DIQ,random_one_to_one,4042,IgLM
Amyloid-Beta,task3_de_novo_pairs,Amyloid-Beta_P_015,EVQLLESGGGLVQPGGSLRLSCAASGFTVSYNYMSWVRQAPGKGLEWVSGMSGSGGSTYYADSVKGRFTISRDNSKNMLYLQMNSLRAEDTAVYYCAKDLNYAESWFDLVPSWGQGTLVTVSS,DIQMTQSPSSLSASVGDRVTITCRASQSISSYLNWYKQKPGKAPKLLIHAASPFQSGVPSRFSGSGSGTDFTLTISSLQPEDFATYYCQQSYSIPQLTFGGVTKVEIK,[HUMAN],EVQ,DIQ,random_one_to_one,4042,IgLM
Amyloid-Beta,task3_de_novo_pairs,Amyloid-Beta_P_016,EVQLVQSGAEVKKPGESLKISCKGSGYSFTSYWIGWVRQMPGKGLEWLGIIYPGDSDTRYSPSFQGQVTISADKSSSTAYLQWSSLKASDTAMYYCARLGELSHGAVDIWGQGTMVTVSS,DIQMTQSPSTLSASVGDRVTITCRASQSISSWLAWYQQKPGKAPKLLIYKASSLESGVPSRFSGGGSGTEFTLTISSLQPDDFATYYCQQPTTFGHGTKVDIK,[HUMAN],EVQ,DIQ,random_one_to_one,4042,IgLM
Amyloid-Beta,task3_de_novo_pairs,Amyloid-Beta_P_017,EVQLLESGGGLVQPGGSLRLCCAASGFTFSTYAMSWVRQAPGKGLEWVSAISTSGGSTYYADSVKGRFTISRDNSKNTLYLQMTSLSAEDTAVYYCAKDRAYSYPGDAFDIWGQGTMVTVSS,DIQMTQSPSSLSASVGDRVTITCRASQSISSYLNWYQQKPGKAPKILIYAASSLQSGVPSRFSGSRSGTDFTLTISSLQPDDFATYYCQQYNSYPGFFTFGPGTKVDIK,[HUMAN],EVQ,DIQ,random_one_to_one,4042,IgLM
Amyloid-Beta,task3_de_novo_pairs,Amyloid-Beta_P_018,EVQLVESGGGLVQPGGSLRLSCAASGFIFENYWMTWVRQAPGKGLEWVASVNEDGTETFYVDSVKGRFTSSRDNGKDSLYLQMNSLRAEDAAVYYCARGETPSLWGQGTLLTVSS,DIQMTQSPSTLSASVGDRVTITCRASQSINTWLAWYQQKPGKAPKFLIYKASNLQRGVPSRFSGSGSGTDFTLTISSLQPDDFATYYCQHYHSYSRTFGQGTKVEI,[HUMAN],EVQ,DIQ,random_one_to_one,4042,IgLM
Amyloid-Beta,task3_de_novo_pairs,Amyloid-Beta_P_019,EVQLVESGGGVVRPGGSLRLSCAASGFTFDDYGMSWVRQAPGKGLEWVSGINWNGGSTGYADSVKGRFSVSRDDSKNMLYLQMNSLKTEDTAVYFCTRDRSGSYYYYVSDYGMDVWGQGTTVTVSS,DIQMTQSPSSLSASVGDRVTITCRASQGISNYLAWFQQKPGKAPKSLIYAASSLQGGVPSKFSGSGSGTDFTLTISSVQPEDFATYYCQQYNSYPPMYTFGQGTKLEIK,[HUMAN],EVQ,DIQ,random_one_to_one,4042,IgLM
Amyloid-Beta,task3_de_novo_pairs,Amyloid-Beta_P_020,EVQLVESGGGLVQPGGSLRLSCAASGFTFSSYEMNWVRQAPGKGLEWVSYISSSGSTIYYADSVKGRFTISRDNAKSSLYLQMNSLRAEDTAVYYCARPLGGSYSYYFDYWGQGTLVTVSS,DIQMTQSPSSLSASIGDRVTITCRASQSISSYLSWYQQKAGKAPKLLIYAASSLQSGVPSRFSGSGSETDFTLTISSLQPKDFATYYCQQSYNTPPTFGGGTRVEI,[HUMAN],EVQ,DIQ,random_one_to_one,4042,IgLM
Amyloid-Beta,task3_de_novo_pairs,Amyloid-Beta_P_021,EVQLVQSGAEVKKPGESLKISCKGSGYSFTSYWIGWVRQMPGKGLEWMGIIYPGDSDTRYSPSFQGQVTISADKSISTAYLQWSSRKASDTAMYYCARHSYEDILTGDGPYNWLDPWGQGALVTVSS,DIQFTQSPSFLSASVGDRVTITCRASQCISSYLAWYQQKPGKAPKLLIYAASTLQSGVPSMFSGSGSGTEVNLTISSLQPEDFATYYCQQLNSYPLTFGPGTKVDIK,[HUMAN],EVQ,DIQ,random_one_to_one,4042,IgLM
Amyloid-Beta,task3_de_novo_pairs,Amyloid-Beta_P_022,EVQLVESGGGLVKPGGSLRLSRTASGFTFSNAWLSWVRQAPGKGVAWVGRIKSKTDGGTTDYAAPVKGRFTISRDDSKNTLYLQMNSLKTEDTAVYYCTTDSPLGDFDYWGQGTLVTVSS,DIQMTQSPSSLSASVRDRVTITCQASQDISNHLNWYQQKPRKAPKLLIYDASNLETGVPSRFSGSGSGTDFSFTISSLQPEDIATYYCQQYDNLPSFGQGTRLEIK,[HUMAN],EVQ,DIQ,random_one_to_one,4042,IgLM
Amyloid-Beta,task3_de_novo_pairs,Amyloid-Beta_P_023,EVQLLESGGGLVQPGGSLRLSCAASGFTFPSYAMSWVRQAPGKGLEWVSAISGSGGSTYYADSVKGRFTISRDNSKNTLYLQMNSLRAEDTAVYYCAKVFDYDFWSLYYGDAFDIWGQGTMVTVSS,DIQMTQSPSSVSASVGDRVTITCRASQGISSWLAWYQQKPGKAPKLLIYTASSLQSGGPSRFSGSGSGTDFTLTISSLQPEDFATYYCQQANSFPLSFGGGTKVEIK,[HUMAN],EVQ,DIQ,random_one_to_one,4042,IgLM
Amyloid-Beta,task3_de_novo_pairs,Amyloid-Beta_P_024,EVQLVESGGGLVQPGGSLTLSCEASGFTFSTMSLNWVRQAPGKGLEWISYISSSSSSIYYSDSVKGRSTISRDNAKNSLYLPMDSLRAEDTAVYYCARGNSGWYGFDYWGLGTLVTVSS,DIQMTQSPSTLSASVGDTVTITCRASQNIGSWLAWYQQKPGKAPKLLIYDASTLESGVPSRFSGSGSGTEFTLTISGLQPDDFAIYYCQQYNTYPWTFGQ,[HUMAN],EVQ,DIQ,random_one_to_one,4042,IgLM
Amyloid-Beta,task3_de_novo_pairs,Amyloid-Beta_P_025,EVQLLESGGGLVQPGGSLRLSCAASGFTFSSYAMSWVRQAPGKGLEWVSAISGSGGSTYYANSVKGRFTISRDNSKNTLYLQTNSLRAEDTAVYYCAKDQYYDFWSGYYYYYYYGMDVWGQGTTVTVSS,DIQMTQSPSSLSASVGDRVTITCRASQNINVYLNWYQQRPGKAPKVLIYGASTLQSGVPSRFSGSRSGTEFTLNISGLQPEDFATYYCQQSYSTPYTFGQGTKLEIK,[HUMAN],EVQ,DIQ,random_one_to_one,4042,IgLM
Amyloid-Beta,task3_de_novo_pairs,Amyloid-Beta_P_026,EVQLVESGGGLVQPGGSLRLSCAASGFSFSTYEMNWVRQAPGKGLEWVSYISPSGITIYYSDSVKGRFTFSRDNAKNSLYLQMNSLRPEDTAVYYCARDLSSGHWGEYFQHWGQGTLVTVSS,DIQMTQSPSSLSASVGKRLTITCRASQNIGNYLSWYQQKPGKAPELLIYAASNLQSGVPARFSGSGSGTDFTLTISSLQPEDFATYSCQQSSSYPRDTFGRGTKVGIK,[HUMAN],EVQ,DIQ,random_one_to_one,4042,IgLM
Amyloid-Beta,task3_de_novo_pairs,Amyloid-Beta_P_027,EVQLSESGGGLVQPGGSLRLSCAASGFTFSSYAMSWVRQAPGKGLEWVSVIYSGGSSTYYADSVKGRFTISRDNSKNTLYLQMSSLRAEDTAVYYCAKSSYGSGYVVYGMDVWGQGTTVTVSS,DIQMTQSPSTLSASVGDRVTITCRASQGIRDELGWYQQKPGKAPKLLIYQASTLHSGVPSRFSGSGSGTEFTLTISSLQPDDFATYYCQQSYSTPLTFGGGTKVEIK,[HUMAN],EVQ,DIQ,random_one_to_one,4042,IgLM
Amyloid-Beta,task3_de_novo_pairs,Amyloid-Beta_P_028,EVQLVESGGDLVQPGGSRRLSCEASGLTFSSYWMHWVRQSPGEGLVWVSRINTHGGSSSYADSVKGRFTISRDNAKNTLYLEMNSLRGEDTAVYYCATAELSVAAGINSWGQGTLVTVSS,DIQLTQSPSFLSASVGDRVTITCRASQGISDFLAWYQQKPGKAPNLLIYTASTLQSGVPSRFSGSGSGTEFTLTISSLQPEDFATYYCQQFHNYVWTFGQGTKVEI,[HUMAN],EVQ,DIQ,random_one_to_one,4042,IgLM
Amyloid-Beta,task3_de_novo_pairs,Amyloid-Beta_P_029,EVQLLESGGGLVQPGGSLRLSCVASGFTFSSDAMSWVRQAPGKGLEWVSVIRYSGGSTYYADSVKGRFPISRDNSKNTLYLPMNSLRAEDTAVYYCAKAADSSGYYNYWGQGTLVTVSS,DIQMTQSPSSLSASIGDRVTITCRASQSISTSLNWYQQKPGKAPNLLIYSASSLQSGVPSRFSGSGSGTDFTLTVSSLQPEDFATYYCQQSYSSPATFGQGTNLRIK,[HUMAN],EVQ,DIQ,random_one_to_one,4042,IgLM