candidate_id,pdb_path,VH_seq,VL_seq,H3_seq,VH_len,VL_len,H3_len,status,method,af_status
ab_des_0_dldesign_0,/content/drive/MyDrive/Algo/1N8Z/HER2_Outputs/ab_des_mpnn/ab_des_0_dldesign_0.pdb,EVQLVESGGGLVQPGGSLRLSCAASGLDLSGGYIHWVRQAPGKGLEWVARIHPGTGGTRYADSVKGRFTISADTSKNTAYLQMNSLRAEDTAVYYCSLERWINGSLVPIGWGQGTLVTVSSAS,DIQMTQSPSSLSASVGDRVTITATLSSAPSTSGSIGWYQQKPGKAPKLLIYNASTRAGGVPSRFSGSRSGTDFTLTISSLQPEDFATYYFYVSEPGQNLGFGQGTKVEIKRTV,LERWINGSLVPI,123,113,12,ok,REMARK_PDBinfo-LABEL,missing
ab_des_10_dldesign_0,/content/drive/MyDrive/Algo/1N8Z/HER2_Outputs/ab_des_mpnn/ab_des_10_dldesign_0.pdb,EVQLVESGGGLVQPGGSLRLSCAASGFDFSAGYIHWVRQAPGKGLEWVARIHPASGGTRYADSVKGRFTISADTSKNTAYLQMNSLRAEDTAVYYCSRLGRNSGWGQGTLVTVSSAS,DIQMTQSPSSLSASVGDRVTITFTTSESNVGWYQQKPGKAPKLLIYNAEVRVGGVPSRFSGSRSGTDFTLTISSLQPEDFATYYGMYYKFGENVGFGQGTKVEIKRTV,RLGRNS,117,108,6,ok,REMARK_PDBinfo-LABEL,missing
ab_des_11_dldesign_0,/content/drive/MyDrive/Algo/1N8Z/HER2_Outputs/ab_des_mpnn/ab_des_11_dldesign_0.pdb,EVQLVESGGGLVQPGGSLRLSCAASGFDITTGYIHWVRQAPGKGLEWVARIHPASGGTRYADSVKGRFTISADTSKNTAYLQMNSLRAEDTAVYYCSLERANVGGHLDLVGWGQGTLVTVSSAS,DIQMTQSPSSLSASVGDRVTITSKTSRETPVGWYQQKPGKAPKLLIYNNSIRAGGVPSRFSGSRSGTDFTLTISSLQPEDFATYYAYVYDPETDAFGFGQGTKVEIKRTV,LERANVGGHLDLV,124,110,13,ok,REMARK_PDBinfo-LABEL,missing
ab_des_12_dldesign_0,/content/drive/MyDrive/Algo/1N8Z/HER2_Outputs/ab_des_mpnn/ab_des_12_dldesign_0.pdb,EVQLVESGGGLVQPGGSLRLSCAASGFDLSHGYIHWVRQAPGKGLEWVARIHPGNGGTRYADSVKGRFTISADTSKNTAYLQMNSLRAEDTAVYYCSLAIRLDGTFHLVGWGQGTLVTVSSAS,DIQMTQSPSSLSASVGDRVTITSKGSSTKVGWYQQKPGKAPKLLIYDATLRAGGVPSRFSGSRSGTDFTLTISSLQPEDFATYYAYHGGSEPFGFGQGTKVEIKRTV,LAIRLDGTFHLV,123,107,12,ok,REMARK_PDBinfo-LABEL,missing
ab_des_13_dldesign_0,/content/drive/MyDrive/Algo/1N8Z/HER2_Outputs/ab_des_mpnn/ab_des_13_dldesign_0.pdb,EVQLVESGGGLVQPGGSLRLSCAASGFDLSGGYIHWVRQAPGKGLEWVARIHPGSGGTRYADSVKGRFTISADTSKNTAYLQMNSLRAEDTAVYYCSYERHLEARYLWGWGQGTLVTVSSAS,DIQMTQSPSSLSASVGDRVTITFKASRETLAGWYQQKPGKAPKLLIYNNSIRMGGVPSRFSGSRSGTDFTLTISSLQPEDFATYYGYTIDPEQGIGFGQGTKVEIKRTV,YERHLEARYLW,122,109,11,ok,REMARK_PDBinfo-LABEL,missing
ab_des_14_dldesign_0,/content/drive/MyDrive/Algo/1N8Z/HER2_Outputs/ab_des_mpnn/ab_des_14_dldesign_0.pdb,EVQLVESGGGLVQPGGSLRLSCAASGFDFSAGYIHWVRQAPGKGLEWVARINPRTGGTRYADSVKGRFTISADTSKNTAYLQMNSLRAEDTAVYYCSTYYNGVEGWGQGTLVTVSSAS,DIQMTQSPSSLSASVGDRVTITGTASSPVPASDVGWYQQKPGKAPKLLIRQASVRVGGVPSRFSGSRSGTDFTLTISSLQPEDFATYYVRVTGPGGIGFGQGTKVEIKRTV,TYYNGVE,118,111,7,ok,REMARK_PDBinfo-LABEL,missing
ab_des_15_dldesign_0,/content/drive/MyDrive/Algo/1N8Z/HER2_Outputs/ab_des_mpnn/ab_des_15_dldesign_0.pdb,EVQLVESGGGLVQPGGSLRLSCAASGFDITSGYIHWVRQAPGKGLEWVARIHPATGGTRYADSVKGRFTISADTSKNTAYLQMNSLRAEDTAVYYCSFESERGVLSGWGQGTLVTVSSAS,DIQMTQSPSSLSASVGDRVTITSRSSSPLPSNQVVGWYQQKPGKAPKLLISNASTRAGGVPSRFSGSRSGTDFTLTISSLQPEDFATYYSQVAGSAGGLGFGQGTKVEIKRTV,FESERGVLS,120,113,9,ok,REMARK_PDBinfo-LABEL,missing
ab_des_16_dldesign_0,/content/drive/MyDrive/Algo/1N8Z/HER2_Outputs/ab_des_mpnn/ab_des_16_dldesign_0.pdb,EVQLVESGGGLVQPGGSLRLSCAASGFDISSGYIHWVRQAPGKGLEWVARIQPANGGTRYADSVKGRFTISADTSKNTAYLQMNSLRAEDTAVYYCSWSPGNGPLTGWGQGTLVTVSSAS,DIQMTQSPSSLSASVGDRVTITATASSEVGDNIGWYQQKPGKAPKLLIYRVSVRAGGVPSRFSGSRSGTDFTLTISSLQPEDFATYYQQVYRGSDQNLGFGQGTKVEIKRTV,WSPGNGPLT,120,112,9,ok,REMARK_PDBinfo-LABEL,missing
ab_des_17_dldesign_0,/content/drive/MyDrive/Algo/1N8Z/HER2_Outputs/ab_des_mpnn/ab_des_17_dldesign_0.pdb,EVQLVESGGGLVQPGGSLRLSCAASGFDISAGYIHWVRQAPGKGLEWVARIHPGTGGTRYADSVKGRFTISADTSKNTAYLQMNSLRAEDTAVYYCSRLGFQSGWGQGTLVTVSSAS,DIQMTQSPSSLSASVGDRVTITSKLSSPESWVGWYQQKPGKAPKLLIYQASLRTGGVPSRFSGSRSGTDFTLTISSLQPEDFATYYAATLAAHRQGIGFGQGTKVEIKRTV,RLGFQS,117,111,6,ok,REMARK_PDBinfo-LABEL,missing
ab_des_18_dldesign_0,/content/drive/MyDrive/Algo/1N8Z/HER2_Outputs/ab_des_mpnn/ab_des_18_dldesign_0.pdb,EVQLVESGGGLVQPGGSLRLSCAASGFDLSSGYIHWVRQAPGKGLEWVARIHPATGGTRYADSVKGRFTISADTSKNTAYLQMNSLRAEDTAVYYCSVLSYPAGWGQGTLVTVSSAS,DIQMTQSPSSLSASVGDRVTITSKASRDVPVGWYQQKPGKAPKLLIRNSSERAGGVPSRFSGSRSGTDFTLTISSLQPEDFATYYSYNQDSRALPLGFGQGTKVEIKRTV,VLSYPA,117,110,6,ok,REMARK_PDBinfo-LABEL,missing
ab_des_19_dldesign_0,/content/drive/MyDrive/Algo/1N8Z/HER2_Outputs/ab_des_mpnn/ab_des_19_dldesign_0.pdb,EVQLVESGGGLVQPGGSLRLSCAASGFDLSSGYIHWVRQAPGKGLEWVARIHPATQGTRYADSVKGRFTISADTSKNTAYLQMNSLRAEDTAVYYCSYPLLGEAHSPLSGWGQGTLVTVSSAS,DIQMTQSPSSLSASVGDRVTITFTGSSTNVGWYQQKPGKAPKLLIYNASVRPGGVPSRFSGSRSGTDFTLTISSLQPEDFATYYGQDYSQDPLGFGQGTKVEIKRTV,YPLLGEAHSPLS,123,107,12,ok,REMARK_PDBinfo-LABEL,missing
ab_des_1_dldesign_0,/content/drive/MyDrive/Algo/1N8Z/HER2_Outputs/ab_des_mpnn/ab_des_1_dldesign_0.pdb,EVQLVESGGGLVQPGGSLRLSCAASGFDLSAGYIHWVRQAPGKGLEWVARIHPASGGTRYADSVKGRFTISADTSKNTAYLQMNSLRAEDTAVYYCSLDPLGGWGQGTLVTVSSAS,DIQMTQSPSSLSASVGDRVTITSSGDATTFGWYQQKPGKAPKLLIYGASTKAGGVPSRFSGSRSGTDFTLTISSLQPEDFATYYAVYAHLSEPLGFGQGTKVEIKRTV,LDPLG,116,108,5,ok,REMARK_PDBinfo-LABEL,missing
ab_des_20_dldesign_0,/content/drive/MyDrive/Algo/1N8Z/HER2_Outputs/ab_des_mpnn/ab_des_20_dldesign_0.pdb,EVQLVESGGGLVQPGGSLRLSCAASGFDFSGGYIHWVRQAPGKGLEWVARIHPGNGGTRYADSVKGRFTISADTSKNTAYLQMNSLRAEDTAVYYCSYERSGFLVGWGQGTLVTVSSAS,DIQMTQSPSSLSASVGDRVTITATASRPLPADARVGWYQQKPGKAPKLLIIEARLRVGGVPSRFSGSRSGTDFTLTISSLQPEDFATYYVYDSSTEPPGFGQGTKVEIKRTV,YERSGFLV,119,112,8,ok,REMARK_PDBinfo-LABEL,missing
ab_des_21_dldesign_0,/content/drive/MyDrive/Algo/1N8Z/HER2_Outputs/ab_des_mpnn/ab_des_21_dldesign_0.pdb,EVQLVESGGGLVQPGGSLRLSCAASGIDFSQGYIHWVRQAPGKGLEWVARIHPATGGTRYADSVKGRFTISADTSKNTAYLQMNSLRAEDTAVYYCSLAWSEFAPLLGWGQGTLVTVSSAS,DIQMTQSPSSLSASVGDRVTITSTTSREVPATSIGWYQQKPGKAPKLLIYAATTRVGGVPSRFSGSRSGTDFTLTISSLQPEDFATYYSEVTDPTQSDRGFGQGTKVEIKRTV,LAWSEFAPLL,121,113,10,ok,REMARK_PDBinfo-LABEL,missing
ab_des_22_dldesign_0,/content/drive/MyDrive/Algo/1N8Z/HER2_Outputs/ab_des_mpnn/ab_des_22_dldesign_0.pdb,EVQLVESGGGLVQPGGSLRLSCAASGFDFTKGYIHWVRQAPGKGLEWVARIHPYTGGTRYADSVKGRFTISADTSKNTAYLQMNSLRAEDTAVYYCSRLGRNSGWGQGTLVTVSSAS,DIQMTQSPSSLSASVGDRVTITSTASHPLPSSANIGWYQQKPGKAPKLLIYNASTRAGGVPSRFSGSRSGTDFTLTISSLQPEDFATYYAQFTSSSNIGFGQGTKVEIKRTV,RLGRNS,117,112,6,ok,REMARK_PDBinfo-LABEL,missing
ab_des_23_dldesign_0,/content/drive/MyDrive/Algo/1N8Z/HER2_Outputs/ab_des_mpnn/ab_des_23_dldesign_0.pdb,EVQLVESGGGLVQPGGSLRLSCAASGIPLSTGYIHWVRQAPGKGLEWVARIHPGTGGTRYADSVKGRFTISADTSKNTAYLQMNSLRAEDTAVYYCSLGSSERTLSGWGQGTLVTVSSAS,DIQMTQSPSSLSASVGDRVTITGKTSHETDMGWYQQKPGKAPKLLIYNNSTKAGGVPSRFSGSRSGTDFTLTISSLQPEDFATYYVEDRTFDPWGFGQGTKVEIKRTV,LGSSERTLS,120,108,9,ok,REMARK_PDBinfo-LABEL,missing
ab_des_24_dldesign_0,/content/drive/MyDrive/Algo/1N8Z/HER2_Outputs/ab_des_mpnn/ab_des_24_dldesign_0.pdb,EVQLVESGGGLVQPGGSLRLSCAASGFDLSAGYIHWVRQAPGKGLEWVARIQPGSGGTRYADSVKGRFTISADTSKNTAYLQMNSLRAEDTAVYYCSLGNSDGAMFGWGQGTLVTVSSAS,DIQMTQSPSSLSASVGDRVTITAKTSSVVGNNIGWYQQKPGKAPKLLIYEASVRAGGVPSRFSGSRSGTDFTLTISSLQPEDFATYYQQVGDPSQNLGFGQGTKVEIKRTV,LGNSDGAMF,120,111,9,ok,REMARK_PDBinfo-LABEL,missing
ab_des_25_dldesign_0,/content/drive/MyDrive/Algo/1N8Z/HER2_Outputs/ab_des_mpnn/ab_des_25_dldesign_0.pdb,EVQLVESGGGLVQPGGSLRLSCAASGFDLSSGYIHWVRQAPGKGLEWVARIHPATGGTRYADSVKGRFTISADTSKNTAYLQMNSLRAEDTAVYYCSYGSNSEFLTGWGQGTLVTVSSAS,DIQMTQSPSSLSASVGDRVTITSKTDRDVAVGWYQQKPGKAPKLLIYNNSVRAGGVPSRFSGSRSGTDFTLTISSLQPEDFATYYAQTYSSASGLGFGQGTKVEIKRTV,YGSNSEFLT,120,109,9,ok,REMARK_PDBinfo-LABEL,missing
ab_des_26_dldesign_0,/content/drive/MyDrive/Algo/1N8Z/HER2_Outputs/ab_des_mpnn/ab_des_26_dldesign_0.pdb,EVQLVESGGGLVQPGGSLRLSCAASGFDFSSGYIHWVRQAPGKGLEWVARIHPGTGGTRYADSVKGRFTISADTSKNTAYLQMNSLRAEDTAVYYCSRTAGPYINGPLTGWGQGTLVTVSSAS,DIQMTQSPSSLSASVGDRVTITATSEAGGIGWYQQKPGKAPKLLIFNASIRAGGVPSRFSGSRSGTDFTLTISSLQPEDFATYYQQYSASSSQPIGFGQGTKVEIKRTV,RTAGPYINGPLT,123,109,12,ok,REMARK_PDBinfo-LABEL,missing
ab_des_27_dldesign_0,/content/drive/MyDrive/Algo/1N8Z/HER2_Outputs/ab_des_mpnn/ab_des_27_dldesign_0.pdb,EVQLVESGGGLVQPGGSLRLSCAASGFDLSSGYIHWVRQAPGKGLEWVARIHPASGGTRYADSVKGRFTISADTSKNTAYLQMNSLRAEDTAVYYCSTTSPSTPRSLAGWGQGTLVTVSSAS,DIQMTQSPSSLSASVGDRVTITFKGSALGVGWYQQKPGKAPKLLIYNATTKVGGVPSRFSGSRSGTDFTLTISSLQPEDFATYYGQHSETEPWGFGQGTKVEIKRTV,TTSPSTPRSLA,122,107,11,ok,REMARK_PDBinfo-LABEL,missing
ab_des_28_dldesign_0,/content/drive/MyDrive/Algo/1N8Z/HER2_Outputs/ab_des_mpnn/ab_des_28_dldesign_0.pdb,EVQLVESGGGLVQPGGSLRLSCAASGTDFSAGYIHWVRQAPGKGLEWVARIHPGTGGTRYADSVKGRFTISADTSKNTAYLQMNSLRAEDTAVYYCSLEREVTPGRYALTGWGQGTLVTVSSAS,DIQMTQSPSSLSASVGDRVTITSKLSRPDDNVGWYQQKPGKAPKLLIYGGSVRAGGVPSRFSGSRSGTDFTLTISSLQPEDFATYYQYTDNRRENLGFGQGTKVEIKRTV,LEREVTPGRYALT,124,110,13,ok,REMARK_PDBinfo-LABEL,missing
ab_des_29_dldesign_0,/content/drive/MyDrive/Algo/1N8Z/HER2_Outputs/ab_des_mpnn/ab_des_29_dldesign_0.pdb,EVQLVESGGGLVQPGGSLRLSCAASGELISTGYIHWVRQAPGKGLEWVARIHPGTGGTRYADSVKGRFTISADTSKNTAYLQMNSLRAEDTAVYYCSNDFLLGWGQGTLVTVSSAS,DIQMTQSPSSLSASVGDRVTITAKTSSEVGAYIGWYQQKPGKAPKLLIYATSVKPGGVPSRFSGSRSGTDFTLTISSLQPEDFATYYFYVLLSEDQNIGFGQGTKVEIKRTV,NDFLL,116,112,5,ok,REMARK_PDBinfo-LABEL,missing
ab_des_2_dldesign_0,/content/drive/MyDrive/Algo/1N8Z/HER2_Outputs/ab_des_mpnn/ab_des_2_dldesign_0.pdb,EVQLVESGGGLVQPGGSLRLSCAASGFDISKGYIHWVRQAPGKGLEWVARIHPATGGTRYADSVKGRFTISADTSKNTAYLQMNSLRAEDTAVYYCSYDPGSGWGQGTLVTVSSAS,DIQMTQSPSSLSASVGDRVTITFTTSSPVPASNIGWYQQKPGKAPKLLIYAASVRVGGVPSRFSGSRSGTDFTLTISSLQPEDFATYYGRVNDPGGQNIGFGQGTKVEIKRTV,YDPGS,116,113,5,ok,REMARK_PDBinfo-LABEL,missing
ab_des_30_dldesign_0,/content/drive/MyDrive/Algo/1N8Z/HER2_Outputs/ab_des_mpnn/ab_des_30_dldesign_0.pdb,EVQLVESGGGLVQPGGSLRLSCAASGFDFSSGYIHWVRQAPGKGLEWVARIHAADGGTRYADSVKGRFTISADTSKNTAYLQMNSLRAEDTAVYYCSYDGLAESAYPSGWGQGTLVTVSSAS,DIQMTQSPSSLSASVGDRVTITFKASREHPNVGWYQQKPGKAPKLLIYNASTRAGGVPSRFSGSRSGTDFTLTISSLQPEDFATYYAADFFSDPMGFGQGTKVEIKRTV,YDGLAESAYPS,122,109,11,ok,REMARK_PDBinfo-LABEL,missing
ab_des_31_dldesign_0,/content/drive/MyDrive/Algo/1N8Z/HER2_Outputs/ab_des_mpnn/ab_des_31_dldesign_0.pdb,EVQLVESGGGLVQPGGSLRLSCAASGFDLSSGYIHWVRQAPGKGLEWVARIHVGTGGTRYADSVKGRFTISADTSKNTAYLQMNSLRAEDTAVYYCSRGNSDGWGQGTLVTVSSAS,DIQMTQSPSSLSASVGDRVTITSTADGLNVGWYQQKPGKAPKLLIRHASERAGGVPSRFSGSRSGTDFTLTISSLQPEDFATYYQANFDTEPWGFGQGTKVEIKRTV,RGNSD,116,107,5,ok,REMARK_PDBinfo-LABEL,missing
ab_des_32_dldesign_0,/content/drive/MyDrive/Algo/1N8Z/HER2_Outputs/ab_des_mpnn/ab_des_32_dldesign_0.pdb,EVQLVESGGGLVQPGGSLRLSCAASGFDFTAGYIHWVRQAPGKGLEWVARIHPASGGTRYADSVKGRFTISADTSKNTAYLQMNSLRAEDTAVYYCSNSALAGWGQGTLVTVSSAS,DIQMTQSPSSLSASVGDRVTITSKTSSPVGYNIGWYQQKPGKAPKLLIYSASEKVGGVPSRFSGSRSGTDFTLTISSLQPEDFATYYSVVIGSLDQNIGFGQGTKVEIKRTV,NSALA,116,112,5,ok,REMARK_PDBinfo-LABEL,missing
ab_des_33_dldesign_0,/content/drive/MyDrive/Algo/1N8Z/HER2_Outputs/ab_des_mpnn/ab_des_33_dldesign_0.pdb,EVQLVESGGGLVQPGGSLRLSCAASGFDISAGYIHWVRQAPGKGLEWVARIQPATGGTRYADSVKGRFTISADTSKNTAYLQMNSLRAEDTAVYYCSYEAPNSLFLSGWGQGTLVTVSSAS,DIQMTQSPSSLSASVGDRVTITSSASRSGVVGWYQQKPGKAPKLLIYNASTRAGGVPSRFSGSRSGTDFTLTISSLQPEDFATYYAQEYTFEPLGFGQGTKVEIKRTV,YEAPNSLFLS,121,108,10,ok,REMARK_PDBinfo-LABEL,missing
ab_des_34_dldesign_0,/content/drive/MyDrive/Algo/1N8Z/HER2_Outputs/ab_des_mpnn/ab_des_34_dldesign_0.pdb,EVQLVESGGGLVQPGGSLRLSCAASGFDLSKGYIHWVRQAPGKGLEWVARIHPGTGGTRYADSVKGRFTISADTSKNTAYLQMNSLRAEDTAVYYCSRDPFLGWGQGTLVTVSSAS,DIQMTQSPSSLSASVGDRVTITSKASRPVPASNVGWYQQKPGKAPKLLIRAASLRAGGVPSRFSGSRSGTDFTLTISSLQPEDFATYYSMVADDVLSGIGFGQGTKVEIKRTV,RDPFL,116,113,5,ok,REMARK_PDBinfo-LABEL,missing
ab_des_35_dldesign_0,/content/drive/MyDrive/Algo/1N8Z/HER2_Outputs/ab_des_mpnn/ab_des_35_dldesign_0.pdb,EVQLVESGGGLVQPGGSLRLSCAASGFDISQGYIHWVRQAPGKGLEWVARIHPGSLGTRYADSVKGRFTISADTSKNTAYLQMNSLRAEDTAVYYCSLYRNGRNGWGQGTLVTVSSAS,DIQMTQSPSSLSASVGDRVTITSKTSQPVPNRIGWYQQKPGKAPKLLIYDASFRVGGVPSRFSGSRSGTDFTLTISSLQPEDFATYYSVTYDPSFGGIGFGQGTKVEIKRTV,LYRNGRN,118,112,7,ok,REMARK_PDBinfo-LABEL,missing
ab_des_36_dldesign_0,/content/drive/MyDrive/Algo/1N8Z/HER2_Outputs/ab_des_mpnn/ab_des_36_dldesign_0.pdb,EVQLVESGGGLVQPGGSLRLSCAASGFDLSTGYIHWVRQAPGKGLEWVARIDPATGGTRYADSVKGRFTISADTSKNTAYLQMNSLRAEDTAVYYCSWSPRGLLELTGWGQGTLVTVSSAS,DIQMTQSPSSLSASVGDRVTITATASEPIPDPSYIGWYQQKPGKAPKLLIYAASVKAGGVPSRFSGSRSGTDFTLTISSLQPEDFATYYFQVNAPLSGLGFGQGTKVEIKRTV,WSPRGLLELT,121,113,10,ok,REMARK_PDBinfo-LABEL,missing
ab_des_37_dldesign_0,/content/drive/MyDrive/Algo/1N8Z/HER2_Outputs/ab_des_mpnn/ab_des_37_dldesign_0.pdb,EVQLVESGGGLVQPGGSLRLSCAASGFRIADGYIHWVRQAPGKGLEWVARIHPGTGGTRYADSVKGRFTISADTSKNTAYLQMNSLRAEDTAVYYCSVGNSNGWGQGTLVTVSSAS,DIQMTQSPSSLSASVGDRVTITSTASRETLVGWYQQKPGKAPKLLIYRNSEKMGGVPSRFSGSRSGTDFTLTISSLQPEDFATYYAKDYSSGGLGFGQGTKVEIKRTV,VGNSN,116,108,5,ok,REMARK_PDBinfo-LABEL,missing
ab_des_38_dldesign_0,/content/drive/MyDrive/Algo/1N8Z/HER2_Outputs/ab_des_mpnn/ab_des_38_dldesign_0.pdb,EVQLVESGGGLVQPGGSLRLSCAASGINLANGYIHWVRQAPGKGLEWVARIHPGTGGTRYADSVKGRFTISADTSKNTAYLQMNSLRAEDTAVYYCSYELTGPLRALYGWGQGTLVTVSSAS,DIQMTQSPSSLSASVGDRVTITSKTSREVSQVGWYQQKPGKAPKLLILAASSRAGGVPSRFSGSRSGTDFTLTISSLQPEDFATYYAVTTETDPIGFGQGTKVEIKRTV,YELTGPLRALY,122,109,11,ok,REMARK_PDBinfo-LABEL,missing
ab_des_39_dldesign_0,/content/drive/MyDrive/Algo/1N8Z/HER2_Outputs/ab_des_mpnn/ab_des_39_dldesign_0.pdb,EVQLVESGGGLVQPGGSLRLSCAASGLDLSRGYIHWVRQAPGKGLEWVARIHPATGGTRYADSVKGRFTISADTSKNTAYLQMNSLRAEDTAVYYCSYNMTDGWGQGTLVTVSSAS,DIQMTQSPSSLSASVGDRVTITFTASRPLDSTTKVGWYQQKPGKAPKLLITDASTRVGGVPSRFSGSRSGTDFTLTISSLQPEDFATYYGAVSGVGLPQLGFGQGTKVEIKRTV,YNMTD,116,114,5,ok,REMARK_PDBinfo-LABEL,missing
ab_des_3_dldesign_0,/content/drive/MyDrive/Algo/1N8Z/HER2_Outputs/ab_des_mpnn/ab_des_3_dldesign_0.pdb,EVQLVESGGGLVQPGGSLRLSCAASGFPITAGYIHWVRQAPGKGLEWVARIHPATGGTRYADSVKGRFTISADTSKNTAYLQMNSLRAEDTAVYYCSYDDGPVAGWGQGTLVTVSSAS,DIQMTQSPSSLSASVGDRVTITATTSREVPDSVGWYQQKPGKAPKLLIYRTSVRAGGVPSRFSGSRSGTDFTLTISSLQPEDFATYYFRVSLGDQNIGFGQGTKVEIKRTV,YDDGPVA,118,111,7,ok,REMARK_PDBinfo-LABEL,missing
ab_des_40_dldesign_0,/content/drive/MyDrive/Algo/1N8Z/HER2_Outputs/ab_des_mpnn/ab_des_40_dldesign_0.pdb,EVQLVESGGGLVQPGGSLRLSCAASGRDLSRGYIHWVRQAPGKGLEWVARIHPATGGTRYADSVKGRFTISADTSKNTAYLQMNSLRAEDTAVYYCSWDSPRSTHLFGWGQGTLVTVSSAS,DIQMTQSPSSLSASVGDRVTITATLSSVQDNVGWYQQKPGKAPKLLIYDASTRVGGVPSRFSGSRSGTDFTLTISSLQPEDFATYYVVVSGSGNLGFGQGTKVEIKRTV,WDSPRSTHLF,121,109,10,ok,REMARK_PDBinfo-LABEL,missing
ab_des_41_dldesign_0,/content/drive/MyDrive/Algo/1N8Z/HER2_Outputs/ab_des_mpnn/ab_des_41_dldesign_0.pdb,EVQLVESGGGLVQPGGSLRLSCAASGLDFSGGYIHWVRQAPGKGLEWVARIHPGTGGTRYADSVKGRFTISADTSKNTAYLQMNSLRAEDTAVYYCSLLSTLVRQPYGWGQGTLVTVSSAS,DIQMTQSPSSLSASVGDRVTITAKLSSPSPHVGWYQQKPGKAPKLLIMEGSYRAGGVPSRFSGSRSGTDFTLTISSLQPEDFATYYVADFSTEPYGFGQGTKVEIKRTV,LLSTLVRQPY,121,109,10,ok,REMARK_PDBinfo-LABEL,missing
ab_des_42_dldesign_0,/content/drive/MyDrive/Algo/1N8Z/HER2_Outputs/ab_des_mpnn/ab_des_42_dldesign_0.pdb,EVQLVESGGGLVQPGGSLRLSCAASGFDITNGYIHWVRQAPGKGLEWVARIHPGNGGTRYADSVKGRFTISADTSKNTAYLQMNSLRAEDTAVYYCSYERGGTPYGWGQGTLVTVSSAS,DIQMTQSPSSLSASVGDRVTITAKASSVVPNRVGWYQQKPGKAPKLLIYDAKYLAGGVPSRFSGSRSGTDFTLTISSLQPEDFATYYQYTSATDPLGFGQGTKVEIKRTV,YERGGTPY,119,110,8,ok,REMARK_PDBinfo-LABEL,missing
ab_des_43_dldesign_0,/content/drive/MyDrive/Algo/1N8Z/HER2_Outputs/ab_des_mpnn/ab_des_43_dldesign_0.pdb,EVQLVESGGGLVQPGGSLRLSCAASGFDLSSGYIHWVRQAPGKGLEWVARIHAGNGGTRYADSVKGRFTISADTSKNTAYLQMNSLRAEDTAVYYCSYPGSTGFLTGWGQGTLVTVSSAS,DIQMTQSPSSLSASVGDRVTITATTSREVPVGWYQQKPGKAPKLLIYQNSIRAGGVPSRFSGSRSGTDFTLTISSLQPEDFATYYQYVYDPLHGLGFGQGTKVEIKRTV,YPGSTGFLT,120,109,9,ok,REMARK_PDBinfo-LABEL,missing
ab_des_44_dldesign_0,/content/drive/MyDrive/Algo/1N8Z/HER2_Outputs/ab_des_mpnn/ab_des_44_dldesign_0.pdb,EVQLVESGGGLVQPGGSLRLSCAASGFDLSAGYIHWVRQAPGKGLEWVARIHPANGGTRYADSVKGRFTISADTSKNTAYLQMNSLRAEDTAVYYCSWLNPETGALTGWGQGTLVTVSSAS,DIQMTQSPSSLSASVGDRVTITAKASSETTMGWYQQKPGKAPKLLITDNTEKMGGVPSRFSGSRSGTDFTLTISSLQPEDFATYYVYAYDRATDLLGFGQGTKVEIKRTV,WLNPETGALT,121,110,10,ok,REMARK_PDBinfo-LABEL,missing
ab_des_45_dldesign_0,/content/drive/MyDrive/Algo/1N8Z/HER2_Outputs/ab_des_mpnn/ab_des_45_dldesign_0.pdb,EVQLVESGGGLVQPGGSLRLSCAASGFDFSAGYIHWVRQAPGKGLEWVARIHPATGGTRYADSVKGRFTISADTSKNTAYLQMNSLRAEDTAVYYCSAPLLEEPSSPWLTGWGQGTLVTVSSAS,DIQMTQSPSSLSASVGDRVTITSKTSSSTPVGWYQQKPGKAPKLLITDSSVKLGGVPSRFSGSRSGTDFTLTISSLQPEDFATYYQAVFSTEPYGFGQGTKVEIKRTV,APLLEEPSSPWLT,124,108,13,ok,REMARK_PDBinfo-LABEL,missing
ab_des_46_dldesign_0,/content/drive/MyDrive/Algo/1N8Z/HER2_Outputs/ab_des_mpnn/ab_des_46_dldesign_0.pdb,EVQLVESGGGLVQPGGSLRLSCAASGFDFSAGYIHWVRQAPGKGLEWVARILPASGGTRYADSVKGRFTISADTSKNTAYLQMNSLRAEDTAVYYCSVSLYGRQSVLGGWGQGTLVTVSSAS,DIQMTQSPSSLSASVGDRVTITATASSPVPASDIGWYQQKPGKAPKLLIYAASTRAGGVPSRFSGSRSGTDFTLTISSLQPEDFATYYVYVGNSYPPGFGQGTKVEIKRTV,VSLYGRQSVLG,122,111,11,ok,REMARK_PDBinfo-LABEL,missing
ab_des_47_dldesign_0,/content/drive/MyDrive/Algo/1N8Z/HER2_Outputs/ab_des_mpnn/ab_des_47_dldesign_0.pdb,EVQLVESGGGLVQPGGSLRLSCAASGMDITQGYIHWVRQAPGKGLEWVARIHPATGGTRYADSVKGRFTISADTSKNTAYLQMNSLRAEDTAVYYCSYSPATYNLVGWGQGTLVTVSSAS,DIQMTQSPSSLSASVGDRVTITATGNADYWGWYQQKPGKAPKLLIYDNTTLAGGVPSRFSGSRSGTDFTLTISSLQPEDFATYYFYTYDRATDNLGFGQGTKVEIKRTV,YSPATYNLV,120,109,9,ok,REMARK_PDBinfo-LABEL,missing
ab_des_48_dldesign_0,/content/drive/MyDrive/Algo/1N8Z/HER2_Outputs/ab_des_mpnn/ab_des_48_dldesign_0.pdb,EVQLVESGGGLVQPGGSLRLSCAASGMDISSGYIHWVRQAPGKGLEWVARIHPATGGTRYADSVKGRFTISADTSKNTAYLQMNSLRAEDTAVYYCSYIGETVGWGQGTLVTVSSAS,DIQMTQSPSSLSASVGDRVTITSSGSTTYVGWYQQKPGKAPKLLIYNATTLAGGVPSRFSGSRSGTDFTLTISSLQPEDFATYYAANTTSTTNIGFGQGTKVEIKRTV,YIGETV,117,108,6,ok,REMARK_PDBinfo-LABEL,missing
ab_des_49_dldesign_0,/content/drive/MyDrive/Algo/1N8Z/HER2_Outputs/ab_des_mpnn/ab_des_49_dldesign_0.pdb,EVQLVESGGGLVQPGGSLRLSCAASGLDFTAGYIHWVRQAPGKGLEWVARIHPATGGTRYADSVKGRFTISADTSKNTAYLQMNSLRAEDTAVYYCSYYLNGRFGWGQGTLVTVSSAS,DIQMTQSPSSLSASVGDRVTITSTLSSEDVAVGWYQQKPGKAPKLLIYNASVKEGGVPSRFSGSRSGTDFTLTISSLQPEDFATYYSATFGSGGNIGFGQGTKVEIKRTV,YYLNGRF,118,110,7,ok,REMARK_PDBinfo-LABEL,missing
ab_des_4_dldesign_0,/content/drive/MyDrive/Algo/1N8Z/HER2_Outputs/ab_des_mpnn/ab_des_4_dldesign_0.pdb,EVQLVESGGGLVQPGGSLRLSCAASGFDITSGYIHWVRQAPGKGLEWVARIHPNTGGTRYADSVKGRFTISADTSKNTAYLQMNSLRAEDTAVYYCSYERHGELVGWGQGTLVTVSSAS,DIQMTQSPSSLSASVGDRVTITATASRETEMGWYQQKPGKAPKLLIYRSSTLAGGVPSRFSGSRSGTDFTLTISSLQPEDFATYYQYDSTTDPRGFGQGTKVEIKRTV,YERHGELV,119,108,8,ok,REMARK_PDBinfo-LABEL,missing
ab_des_50_dldesign_0,/content/drive/MyDrive/Algo/1N8Z/HER2_Outputs/ab_des_mpnn/ab_des_50_dldesign_0.pdb,EVQLVESGGGLVQPGGSLRLSCAASGFDFSAGYIHWVRQAPGKGLEWVARIHPGTGGTRYADSVKGRFTISADTSKNTAYLQMNSLRAEDTAVYYCSLERLLDSRYLSGWGQGTLVTVSSAS,DIQMTQSPSSLSASVGDRVTITAKTSRPVGNSIGWYQQKPGKAPKLLIYNGSWKPGGVPSRFSGSRSGTDFTLTISSLQPEDFATYYFQVSDPSQPLGFGQGTKVEIKRTV,LERLLDSRYLS,122,111,11,ok,REMARK_PDBinfo-LABEL,missing
ab_des_51_dldesign_0,/content/drive/MyDrive/Algo/1N8Z/HER2_Outputs/ab_des_mpnn/ab_des_51_dldesign_0.pdb,EVQLVESGGGLVQPGGSLRLSCAASGFDMSAGYIHWVRQAPGKGLEWVARIHPGTGGTRYADSVKGRFTISADTSKNTAYLQMNSLRAEDTAVYYCSYEILGGWGQGTLVTVSSAS,DIQMTQSPSSLSASVGDRVTITATGNATQVGWYQQKPGKAPKLLIYNNSTLAGGVPSRFSGSRSGTDFTLTISSLQPEDFATYYFQTTDRPPIGFGQGTKVEIKRTV,YEILG,116,107,5,ok,REMARK_PDBinfo-LABEL,missing
ab_des_52_dldesign_0,/content/drive/MyDrive/Algo/1N8Z/HER2_Outputs/ab_des_mpnn/ab_des_52_dldesign_0.pdb,EVQLVESGGGLVQPGGSLRLSCAASGFDLSAGYIHWVRQAPGKGLEWVARIHPATQGTRYADSVKGRFTISADTSKNTAYLQMNSLRAEDTAVYYCSRGMSDGWGQGTLVTVSSAS,DIQMTQSPSSLSASVGDRVTITSTLSEPSLHVGWYQQKPGKAPKLLIYDASVKVGGVPSRFSGSRSGTDFTLTISSLQPEDFATYYSQDTSHEPIGFGQGTKVEIKRTV,RGMSD,116,109,5,ok,REMARK_PDBinfo-LABEL,missing
ab_des_53_dldesign_0,/content/drive/MyDrive/Algo/1N8Z/HER2_Outputs/ab_des_mpnn/ab_des_53_dldesign_0.pdb,EVQLVESGGGLVQPGGSLRLSCAASGFDFSHGYIHWVRQAPGKGLEWVARIHAGTGGTRYADSVKGRFTISADTSKNTAYLQMNSLRAEDTAVYYCSRGYYNSGGGLVLYGWGQGTLVTVSSAS,DIQMTQSPSSLSASVGDRVTITFTSSSPLPSTVSVGWYQQKPGKAPKLLIYNNSTKVGGVPSRFSGSRSGTDFTLTISSLQPEDFATYYGYVYDQATDNLGFGQGTKVEIKRTV,RGYYNSGGGLVLY,124,114,13,ok,REMARK_PDBinfo-LABEL,missing
ab_des_54_dldesign_0,/content/drive/MyDrive/Algo/1N8Z/HER2_Outputs/ab_des_mpnn/ab_des_54_dldesign_0.pdb,EVQLVESGGGLVQPGGSLRLSCAASGFDLSKGYIHWVRQAPGKGLEWVARIHPNSGGTRYADSVKGRFTISADTSKNTAYLQMNSLRAEDTAVYYCSYEERYVLVGWGQGTLVTVSSAS,DIQMTQSPSSLSASVGDRVTITSTASQPLDDSSVIGWYQQKPGKAPKLLISAASTRAGGVPSRFSGSRSGTDFTLTISSLQPEDFATYYASTYYNNEFQLGFGQGTKVEIKRTV,YEERYVLV,119,114,8,ok,REMARK_PDBinfo-LABEL,missing
ab_des_55_dldesign_0,/content/drive/MyDrive/Algo/1N8Z/HER2_Outputs/ab_des_mpnn/ab_des_55_dldesign_0.pdb,EVQLVESGGGLVQPGGSLRLSCAASGFDFTAGYIHWVRQAPGKGLEWVARINPATGGTRYADSVKGRFTISADTSKNTAYLQMNSLRAEDTAVYYCSTWVPQPGWGQGTLVTVSSAS,DIQMTQSPSSLSASVGDRVTITFKTSRPVPDAVGWYQQKPGKAPKLLIYSASVRVGGVPSRFSGSRSGTDFTLTISSLQPEDFATYYGQTSDPYTSYLGFGQGTKVEIKRTV,TWVPQP,117,112,6,ok,REMARK_PDBinfo-LABEL,missing
ab_des_56_dldesign_0,/content/drive/MyDrive/Algo/1N8Z/HER2_Outputs/ab_des_mpnn/ab_des_56_dldesign_0.pdb,EVQLVESGGGLVQPGGSLRLSCAASGFDITDGYIHWVRQAPGKGLEWVARIHPGTGGTRYADSVKGRFTISADTSKNTAYLQMNSLRAEDTAVYYCSYSPIGNRNLTGWGQGTLVTVSSAS,DIQMTQSPSSLSASVGDRVTITSTTSGGVRDDDIGWYQQKPGKAPKLLIYNASTRAGGVPSRFSGSRSGTDFTLTISSLQPEDFATYYFYVYDYETRNLGFGQGTKVEIKRTV,YSPIGNRNLT,121,113,10,ok,REMARK_PDBinfo-LABEL,missing
ab_des_57_dldesign_0,/content/drive/MyDrive/Algo/1N8Z/HER2_Outputs/ab_des_mpnn/ab_des_57_dldesign_0.pdb,EVQLVESGGGLVQPGGSLRLSCAASGFDLTAGYIHWVRQAPGKGLEWVARVNPATGGTRYADSVKGRFTISADTSKNTAYLQMNSLRAEDTAVYYCSWSYQAGYRAHLFGWGQGTLVTVSSAS,DIQMTQSPSSLSASVGDRVTITGTASSEVPDGRYIGWYQQKPGKAPKLLIYAASTRAGGVPSRFSGSRSGTDFTLTISSLQPEDFATYYVWVYDLETDQLGFGQGTKVEIKRTV,WSYQAGYRAHLF,123,114,12,ok,REMARK_PDBinfo-LABEL,missing
ab_des_58_dldesign_0,/content/drive/MyDrive/Algo/1N8Z/HER2_Outputs/ab_des_mpnn/ab_des_58_dldesign_0.pdb,EVQLVESGGGLVQPGGSLRLSCAASGFDLSKGYIHWVRQAPGKGLEWVARIHPGTGGTRYADSVKGRFTISADTSKNTAYLQMNSLRAEDTAVYYCSLGPLLGWGQGTLVTVSSAS,DIQMTQSPSSLSASVGDRVTITFKSDRETDFGWYQQKPGKAPKLLIYHNSLRAGGVPSRFSGSRSGTDFTLTISSLQPEDFATYYGMAYDSDSGYGFGQGTKVEIKRTV,LGPLL,116,109,5,ok,REMARK_PDBinfo-LABEL,missing
ab_des_59_dldesign_0,/content/drive/MyDrive/Algo/1N8Z/HER2_Outputs/ab_des_mpnn/ab_des_59_dldesign_0.pdb,EVQLVESGGGLVQPGGSLRLSCAASGFNITDGYIHWVRQAPGKGLEWVARVHPANGGTRYADSVKGRFTISADTSKNTAYLQMNSLRAEDTAVYYCSYERDGYLVGWGQGTLVTVSSAS,DIQMTQSPSSLSASVGDRVTITAKLSRPNDAVGWYQQKPGKAPKLLIYAATTRAGGVPSRFSGSRSGTDFTLTISSLQPEDFATYYQVSTDPRDANIGFGQGTKVEIKRTV,YERDGYLV,119,111,8,ok,REMARK_PDBinfo-LABEL,missing
ab_des_5_dldesign_0,/content/drive/MyDrive/Algo/1N8Z/HER2_Outputs/ab_des_mpnn/ab_des_5_dldesign_0.pdb,EVQLVESGGGLVQPGGSLRLSCAASGFDLSTGYIHWVRQAPGKGLEWVARIHPGTGGTRYADSVKGRFTISADTSKNTAYLQMNSLRAEDTAVYYCSRDILLGWGQGTLVTVSSAS,DIQMTQSPSSLSASVGDRVTITFTTDTEGVGWYQQKPGKAPKLLIAYASVRYGGVPSRFSGSRSGTDFTLTISSLQPEDFATYYGVNYREIDGGIGFGQGTKVEIKRTV,RDILL,116,109,5,ok,REMARK_PDBinfo-LABEL,missing
ab_des_60_dldesign_0,/content/drive/MyDrive/Algo/1N8Z/HER2_Outputs/ab_des_mpnn/ab_des_60_dldesign_0.pdb,EVQLVESGGGLVQPGGSLRLSCAASGFNVGDGYIHWVRQAPGKGLEWVARINAATGGTRYADSVKGRFTISADTSKNTAYLQMNSLRAEDTAVYYCSTLAGPAGWGQGTLVTVSSAS,DIQMTQSPSSLSASVGDRVTITSKTSRPVGNRIGWYQQKPGKAPKLLIYDASTRVGGVPSRFSGSRSGTDFTLTISSLQPEDFATYYAMDRSGPGNLGFGQGTKVEIKRTV,TLAGPA,117,111,6,ok,REMARK_PDBinfo-LABEL,missing
ab_des_61_dldesign_0,/content/drive/MyDrive/Algo/1N8Z/HER2_Outputs/ab_des_mpnn/ab_des_61_dldesign_0.pdb,EVQLVESGGGLVQPGGSLRLSCAASGFDLTAGYIHWVRQAPGKGLEWVARIHPKTGGTRYADSVKGRFTISADTSKNTAYLQMNSLRAEDTAVYYCSTTADATSLALSGWGQGTLVTVSSAS,DIQMTQSPSSLSASVGDRVTITGTTSVEVPDPRQIGWYQQKPGKAPKLLIYSASTLAGGVPSRFSGSRSGTDFTLTISSLQPEDFATYYVVVSNPGSNLGFGQGTKVEIKRTV,TTADATSLALS,122,113,11,ok,REMARK_PDBinfo-LABEL,missing
ab_des_62_dldesign_0,/content/drive/MyDrive/Algo/1N8Z/HER2_Outputs/ab_des_mpnn/ab_des_62_dldesign_0.pdb,EVQLVESGGGLVQPGGSLRLSCAASGFDFSAGYIHWVRQAPGKGLEWVARIHPSSAGTRYADSVKGRFTISADTSKNTAYLQMNSLRAEDTAVYYCSTTGSPLHRALSGWGQGTLVTVSSAS,DIQMTQSPSSLSASVGDRVTITFTGDGPGVGWYQQKPGKAPKLLIYDATTRAGGVPSRFSGSRSGTDFTLTISSLQPEDFATYYGYAYDLETDLLGFGQGTKVEIKRTV,TTGSPLHRALS,122,109,11,ok,REMARK_PDBinfo-LABEL,missing
ab_des_63_dldesign_0,/content/drive/MyDrive/Algo/1N8Z/HER2_Outputs/ab_des_mpnn/ab_des_63_dldesign_0.pdb,EVQLVESGGGLVQPGGSLRLSCAASGFDLSAGYIHWVRQAPGKGLEWVARIHPGTGGTRYADSVKGRFTISADTSKNTAYLQMNSLRAEDTAVYYCSTPDPNSGSYSSLSGWGQGTLVTVSSAS,DIQMTQSPSSLSASVGDRVTITSKTSSSTLVGWYQQKPGKAPKLLIDNASTRVGGVPSRFSGSRSGTDFTLTISSLQPEDFATYYASSQSSSLSNLGFGQGTKVEIKRTV,TPDPNSGSYSSLS,124,110,13,ok,REMARK_PDBinfo-LABEL,missing
ab_des_64_dldesign_0,/content/drive/MyDrive/Algo/1N8Z/HER2_Outputs/ab_des_mpnn/ab_des_64_dldesign_0.pdb,EVQLVESGGGLVQPGGSLRLSCAASGFDLSSGYIHWVRQAPGKGLEWVARIHPGTGGTRYADSVKGRFTISADTSKNTAYLQMNSLRAEDTAVYYCSVTSSVPGWGQGTLVTVSSAS,DIQMTQSPSSLSASVGDRVTITAKASAEVPNNIGWYQQKPGKAPKLLISQASKRQGGVPSRFSGSRSGTDFTLTISSLQPEDFATYYVQNTNYRGLTGFGQGTKVEIKRTV,VTSSVP,117,111,6,ok,REMARK_PDBinfo-LABEL,missing
ab_des_65_dldesign_0,/content/drive/MyDrive/Algo/1N8Z/HER2_Outputs/ab_des_mpnn/ab_des_65_dldesign_0.pdb,EVQLVESGGGLVQPGGSLRLSCAASGFDLSTGYIHWVRQAPGKGLEWVARIHPATGGTRYADSVKGRFTISADTSKNTAYLQMNSLRAEDTAVYYCSYEFNGFLTGWGQGTLVTVSSAS,DIQMTQSPSSLSASVGDRVTITSKASSETRVGWYQQKPGKAPKLLIYNASEKPGGVPSRFSGSRSGTDFTLTISSLQPEDFATYYAVTSQPGRELGFGQGTKVEIKRTV,YEFNGFLT,119,109,8,ok,REMARK_PDBinfo-LABEL,missing
ab_des_66_dldesign_0,/content/drive/MyDrive/Algo/1N8Z/HER2_Outputs/ab_des_mpnn/ab_des_66_dldesign_0.pdb,EVQLVESGGGLVQPGGSLRLSCAASGFDISRGYIHWVRQAPGKGLEWVARVYPGTGGTRYADSVKGRFTISADTSKNTAYLQMNSLRAEDTAVYYCSYSRGSSGALYGWGQGTLVTVSSAS,DIQMTQSPSSLSASVGDRVTITAKTSSPVGNTVGWYQQKPGKAPKLLISNSSTRVGGVPSRFSGSRSGTDFTLTISSLQPEDFATYYQYVYDPATDALGFGQGTKVEIKRTV,YSRGSSGALY,121,112,10,ok,REMARK_PDBinfo-LABEL,missing
ab_des_67_dldesign_0,/content/drive/MyDrive/Algo/1N8Z/HER2_Outputs/ab_des_mpnn/ab_des_67_dldesign_0.pdb,EVQLVESGGGLVQPGGSLRLSCAASGFDISEGYIHWVRQAPGKGLEWVARIHPADGGTRYADSVKGRFTISADTSKNTAYLQMNSLRAEDTAVYYCSVDFLYGWGQGTLVTVSSAS,DIQMTQSPSSLSASVGDRVTITATASAPVPADAVGWYQQKPGKAPKLLIYSASEKVGGVPSRFSGSRSGTDFTLTISSLQPEDFATYYVQTRATPPVGFGQGTKVEIKRTV,VDFLY,116,111,5,ok,REMARK_PDBinfo-LABEL,missing
ab_des_68_dldesign_0,/content/drive/MyDrive/Algo/1N8Z/HER2_Outputs/ab_des_mpnn/ab_des_68_dldesign_0.pdb,EVQLVESGGGLVQPGGSLRLSCAASGFDLSSGYIHWVRQAPGKGLEWVARIHPGTQGTRYADSVKGRFTISADTSKNTAYLQMNSLRAEDTAVYYCSTRNSNGFLSGWGQGTLVTVSSAS,DIQMTQSPSSLSASVGDRVTITSKASSEVPVGWYQQKPGKAPKLLIYNASTRAGGVPSRFSGSRSGTDFTLTISSLQPEDFATYYSLGYGPPGTNLGFGQGTKVEIKRTV,TRNSNGFLS,120,110,9,ok,REMARK_PDBinfo-LABEL,missing
ab_des_69_dldesign_0,/content/drive/MyDrive/Algo/1N8Z/HER2_Outputs/ab_des_mpnn/ab_des_69_dldesign_0.pdb,EVQLVESGGGLVQPGGSLRLSCAASGFDLSAGYIHWVRQAPGKGLEWVARIHPLGGGTRYADSVKGRFTISADTSKNTAYLQMNSLRAEDTAVYYCSYSALGDYNLTGWGQGTLVTVSSAS,DIQMTQSPSSLSASVGDRVTITSKASSPVPSSRAVGWYQQKPGKAPKLLIYNASTLAGGVPSRFSGSRSGTDFTLTISSLQPEDFATYYSYVYDPATDRLGFGQGTKVEIKRTV,YSALGDYNLT,121,114,10,ok,REMARK_PDBinfo-LABEL,missing
ab_des_6_dldesign_0,/content/drive/MyDrive/Algo/1N8Z/HER2_Outputs/ab_des_mpnn/ab_des_6_dldesign_0.pdb,EVQLVESGGGLVQPGGSLRLSCAASGFDLSAGYIHWVRQAPGKGLEWVARIHPGTGGTRYADSVKGRFTISADTSKNTAYLQMNSLRAEDTAVYYCSMLSEGGWGQGTLVTVSSAS,DIQMTQSPSSLSASVGDRVTITSKGDGPGFGWYQQKPGKAPKLLIRNAVEREGGVPSRFSGSRSGTDFTLTISSLQPEDFATYYAVNPLTEPVGFGQGTKVEIKRTV,MLSEG,116,107,5,ok,REMARK_PDBinfo-LABEL,missing
ab_des_70_dldesign_0,/content/drive/MyDrive/Algo/1N8Z/HER2_Outputs/ab_des_mpnn/ab_des_70_dldesign_0.pdb,EVQLVESGGGLVQPGGSLRLSCAASGFDISRGYIHWVRQAPGKGLEWVARIHPGGGGTRYADSVKGRFTISADTSKNTAYLQMNSLRAEDTAVYYCSRIGWEQGWGQGTLVTVSSAS,DIQMTQSPSSLSASVGDRVTITFKTSRPNPLVGWYQQKPGKAPKLLITQGSFRIGGVPSRFSGSRSGTDFTLTISSLQPEDFATYYGQVIDPTQGIGFGQGTKVEIKRTV,RIGWEQ,117,110,6,ok,REMARK_PDBinfo-LABEL,missing
ab_des_71_dldesign_0,/content/drive/MyDrive/Algo/1N8Z/HER2_Outputs/ab_des_mpnn/ab_des_71_dldesign_0.pdb,EVQLVESGGGLVQPGGSLRLSCAASGFDFSQGYIHWVRQAPGKGLEWVARINPATGGTRYADSVKGRFTISADTSKNTAYLQMNSLRAEDTAVYYCSKWVNGKEGWGQGTLVTVSSAS,DIQMTQSPSSLSASVGDRVTITAKTSRPVPASRVGWYQQKPGKAPKLLIYAASERVGGVPSRFSGSRSGTDFTLTISSLQPEDFATYYFVVSDPSSGGLGFGQGTKVEIKRTV,KWVNGKE,118,113,7,ok,REMARK_PDBinfo-LABEL,missing
ab_des_72_dldesign_0,/content/drive/MyDrive/Algo/1N8Z/HER2_Outputs/ab_des_mpnn/ab_des_72_dldesign_0.pdb,EVQLVESGGGLVQPGGSLRLSCAASGFDFSRGYIHWVRQAPGKGLEWVARIHPATGGTRYADSVKGRFTISADTSKNTAYLQMNSLRAEDTAVYYCSVWSGQPGWGQGTLVTVSSAS,DIQMTQSPSSLSASVGDRVTITSTASREVPASYVGWYQQKPGKAPKLLIYAASVRPGGVPSRFSGSRSGTDFTLTISSLQPEDFATYYAQVNDPYSGIGFGQGTKVEIKRTV,VWSGQP,117,112,6,ok,REMARK_PDBinfo-LABEL,missing
ab_des_73_dldesign_0,/content/drive/MyDrive/Algo/1N8Z/HER2_Outputs/ab_des_mpnn/ab_des_73_dldesign_0.pdb,EVQLVESGGGLVQPGGSLRLSCAASGFDFTDGYIHWVRQAPGKGLEWVARINPATGGTRYADSVKGRFTISADTSKNTAYLQMNSLRAEDTAVYYCSALVNGELGWGQGTLVTVSSAS,DIQMTQSPSSLSASVGDRVTITSKTDGTGVGWYQQKPGKAPKLLIRNATEKVGGVPSRFSGSRSGTDFTLTISSLQPEDFATYYSYSYDKATDTLGFGQGTKVEIKRTV,ALVNGEL,118,109,7,ok,REMARK_PDBinfo-LABEL,missing
ab_des_74_dldesign_0,/content/drive/MyDrive/Algo/1N8Z/HER2_Outputs/ab_des_mpnn/ab_des_74_dldesign_0.pdb,EVQLVESGGGLVQPGGSLRLSCAASGIKISDGYIHWVRQAPGKGLEWVARIHPATGGTRYADSVKGRFTISADTSKNTAYLQMNSLRAEDTAVYYCSLGNTNGWGQGTLVTVSSAS,DIQMTQSPSSLSASVGDRVTITSSATGGYVGWYQQKPGKAPKLLITNSTTKVGGVPSRFSGSRSGTDFTLTISSLQPEDFATYYAVNPYSDPIGFGQGTKVEIKRTV,LGNTN,116,107,5,ok,REMARK_PDBinfo-LABEL,missing
ab_des_75_dldesign_0,/content/drive/MyDrive/Algo/1N8Z/HER2_Outputs/ab_des_mpnn/ab_des_75_dldesign_0.pdb,EVQLVESGGGLVQPGGSLRLSCAASGFDFTSGYIHWVRQAPGKGLEWVARIHPQSKGTRYADSVKGRFTISADTSKNTAYLQMNSLRAEDTAVYYCSTRGSNGALTGWGQGTLVTVSSAS,DIQMTQSPSSLSASVGDRVTITATASSEVGYAIGWYQQKPGKAPKLLIYHASLRAGGVPSRFSGSRSGTDFTLTISSLQPEDFATYYFQDFSSEPLGFGQGTKVEIKRTV,TRGSNGALT,120,110,9,ok,REMARK_PDBinfo-LABEL,missing
ab_des_76_dldesign_0,/content/drive/MyDrive/Algo/1N8Z/HER2_Outputs/ab_des_mpnn/ab_des_76_dldesign_0.pdb,EVQLVESGGGLVQPGGSLRLSCAATGFDLSSGYIHWVRQAPGKGLEWVARIHPATGGTRYADSVKGRFTISADTSKNTAYLQMNSLRAEDTAVYYCSTFRLQPGWGQGTLVTVSSAS,DIQMTQSPSSLSASVGDRVTITSKLSRENPYIGWYQQKPGKAPKLLIYNASTRAGGVPSRFSGSRSGTDFTLTISSLQPEDFATYYAQDRDGSQNLGFGQGTKVEIKRTV,TFRLQP,117,110,6,ok,REMARK_PDBinfo-LABEL,missing
ab_des_77_dldesign_0,/content/drive/MyDrive/Algo/1N8Z/HER2_Outputs/ab_des_mpnn/ab_des_77_dldesign_0.pdb,EVQLVESGGGLVQPGGSLRLSCAASGFPFATGYIHWVRQAPGKGLEWVARIHPGTGGTRYADSVKGRFTISADTSKNTAYLQMNSLRAEDTAVYYCSTWYAQPGWGQGTLVTVSSAS,DIQMTQSPSSLSASVGDRVTITAKTSRPVELIGWYQQKPGKAPKLLIYASSIRAGGVPSRFSGSRSGTDFTLTISSLQPEDFATYYQQVWDVERNIGFGQGTKVEIKRTV,TWYAQP,117,110,6,ok,REMARK_PDBinfo-LABEL,missing
ab_des_78_dldesign_0,/content/drive/MyDrive/Algo/1N8Z/HER2_Outputs/ab_des_mpnn/ab_des_78_dldesign_0.pdb,EVQLVESGGGLVQPGGSLRLSCAASGFDLSSGYIHWVRQAPGKGLEWVARIHPATGGTRYADSVKGRFTISADTSKNTAYLQMNSLRAEDTAVYYCSYDDSRGYPVGWGQGTLVTVSSAS,DIQMTQSPSSLSASVGDRVTITFKSSTEHAGWYQQKPGKAPKLLIRDAVSRAGGVPSRFSGSRSGTDFTLTISSLQPEDFATYYGQDYSHEPWGFGQGTKVEIKRTV,YDDSRGYPV,120,107,9,ok,REMARK_PDBinfo-LABEL,missing
ab_des_79_dldesign_0,/content/drive/MyDrive/Algo/1N8Z/HER2_Outputs/ab_des_mpnn/ab_des_79_dldesign_0.pdb,EVQLVESGGGLVQPGGSLRLSCAASGLNIEAGYIHWVRQAPGKGLEWVARIHPATGGTRYADSVKGRFTISADTSKNTAYLQMNSLRAEDTAVYYCSYDYARNFMSGWGQGTLVTVSSAS,DIQMTQSPSSLSASVGDRVTITSTTSSPVGDDVGWYQQKPGKAPKLLIYAASQRVGGVPSRFSGSRSGTDFTLTISSLQPEDFATYYAYVGRSRDENLGFGQGTKVEIKRTV,YDYARNFMS,120,112,9,ok,REMARK_PDBinfo-LABEL,missing
ab_des_7_dldesign_0,/content/drive/MyDrive/Algo/1N8Z/HER2_Outputs/ab_des_mpnn/ab_des_7_dldesign_0.pdb,EVQLVESGGGLVQPGGSLRLSCAASGFDFSAGYIHWVRQAPGKGLEWVARIHPATGGTRYADSVKGRFTISADTSKNTAYLQMNSLRAEDTAVYYCSTRDGADAGWGQGTLVTVSSAS,DIQMTQSPSSLSASVGDRVTITSTASRPIPATESVGWYQQKPGKAPKLLIYGASQRAGGVPSRFSGSRSGTDFTLTISSLQPEDFATYYQRLTSSRPWGFGQGTKVEIKRTV,TRDGADA,118,112,7,ok,REMARK_PDBinfo-LABEL,missing
ab_des_80_dldesign_0,/content/drive/MyDrive/Algo/1N8Z/HER2_Outputs/ab_des_mpnn/ab_des_80_dldesign_0.pdb,EVQLVESGGGLVQPGGSLRLSCAASGFDFTGGYIHWVRQAPGKGLEWVARIHPGTGGTRYADSVKGRFTISADTSKNTAYLQMNSLRAEDTAVYYCSLGYRNESGGFYLYGWGQGTLVTVSSAS,DIQMTQSPSSLSASVGDRVTITATASSPVPASNIGWYQQKPGKAPKLLIYAASVRVGGVPSRFSGSRSGTDFTLTISSLQPEDFATYYQYVYDPATDRFGFGQGTKVEIKRTV,LGYRNESGGFYLY,124,113,13,ok,REMARK_PDBinfo-LABEL,missing
ab_des_81_dldesign_0,/content/drive/MyDrive/Algo/1N8Z/HER2_Outputs/ab_des_mpnn/ab_des_81_dldesign_0.pdb,EVQLVESGGGLVQPGGSLRLSCAASGFDLSKGYIHWVRQAPGKGLEWVARIHPATGGTRYADSVKGRFTISADTSKNTAYLQMNSLRAEDTAVYYCSRIGAQSGWGQGTLVTVSSAS,DIQMTQSPSSLSASVGDRVTITSKTSSEVVVGWYQQKPGKAPKLLIYNASTRAGGVPSRFSGSRSGTDFTLTISSLQPEDFATYYAMTLLGPDQNIGFGQGTKVEIKRTV,RIGAQS,117,110,6,ok,REMARK_PDBinfo-LABEL,missing
ab_des_82_dldesign_0,/content/drive/MyDrive/Algo/1N8Z/HER2_Outputs/ab_des_mpnn/ab_des_82_dldesign_0.pdb,EVQLVESGGGLVQPGGSLRLSCAASGFDLSSGYIHWVRQAPGKGLEWVARIHVANGGTRYADSVKGRFTISADTSKNTAYLQMNSLRAEDTAVYYCSREVAGSSGWGQGTLVTVSSAS,DIQMTQSPSSLSASVGDRVTITAKGTSSGAGWYQQKPGKAPKLLIYNGTEKPGGVPSRFSGSRSGTDFTLTISSLQPEDFATYYFKDSNLGNSPLGFGQGTKVEIKRTV,REVAGSS,118,109,7,ok,REMARK_PDBinfo-LABEL,missing
ab_des_83_dldesign_0,/content/drive/MyDrive/Algo/1N8Z/HER2_Outputs/ab_des_mpnn/ab_des_83_dldesign_0.pdb,EVQLVESGGGLVQPGGSLRLSCAASGFDLSKGYIHWVRQAPGKGLEWVARIHPATGGTRYADSVKGRFTISADTSKNTAYLQMNSLRAEDTAVYYCSRYGWGEGWGQGTLVTVSSAS,DIQMTQSPSSLSASVGDRVTITAKTSSVVGNYIGWYQQKPGKAPKLLIYRASVRAGGVPSRFSGSRSGTDFTLTISSLQPEDFATYYVKHRDLTTGLLGFGQGTKVEIKRTV,RYGWGE,117,112,6,ok,REMARK_PDBinfo-LABEL,missing
ab_des_84_dldesign_0,/content/drive/MyDrive/Algo/1N8Z/HER2_Outputs/ab_des_mpnn/ab_des_84_dldesign_0.pdb,EVQLVESGGGLVQPGGSLRLSCAASGFDLSSGYIHWVRQAPGKGLEWVARIHPATGGTRYADSVKGRFTISADTSKNTAYLQMNSLRAEDTAVYYCSWSSGPYASMTGWGQGTLVTVSSAS,DIQMTQSPSSLSASVGDRVTITFKTSSPVPNNVGWYQQKPGKAPKLLITNASLRAGGVPSRFSGSRSGTDFTLTISSLQPEDFATYYGVVYHSRSGIGFGQGTKVEIKRTV,WSSGPYASMT,121,111,10,ok,REMARK_PDBinfo-LABEL,missing
ab_des_85_dldesign_0,/content/drive/MyDrive/Algo/1N8Z/HER2_Outputs/ab_des_mpnn/ab_des_85_dldesign_0.pdb,EVQLVESGGGLVQPGGSLRLSCAASGFDISRGYIHWVRQAPGKGLEWVARIHPATGGTRYADSVKGRFTISADTSKNTAYLQMNSLRAEDTAVYYCSTLLGEPGWGQGTLVTVSSAS,DIQMTQSPSSLSASVGDRVTITAKASTEVEDVGWYQQKPGKAPKLLIRYASVRAGGVPSRFSGSRSGTDFTLTISSLQPEDFATYYFYTLDPLGSDLGFGQGTKVEIKRTV,TLLGEP,117,111,6,ok,REMARK_PDBinfo-LABEL,missing
ab_des_86_dldesign_0,/content/drive/MyDrive/Algo/1N8Z/HER2_Outputs/ab_des_mpnn/ab_des_86_dldesign_0.pdb,EVQLVESGGGLVQPGGSLRLSCAASGVDLSSGYIHWVRQAPGKGLEWVARIHPGTGGTRYADSVKGRFTISADTSKNTAYLQMNSLRAEDTAVYYCSLGVFDLNSTLNLVGWGQGTLVTVSSAS,DIQMTQSPSSLSASVGDRVTITATASATNVGWYQQKPGKAPKLLIYNATTRAGGVPSRFSGSRSGTDFTLTISSLQPEDFATYYQMASVPGQNLGFGQGTKVEIKRTV,LGVFDLNSTLNLV,124,108,13,ok,REMARK_PDBinfo-LABEL,missing
ab_des_87_dldesign_0,/content/drive/MyDrive/Algo/1N8Z/HER2_Outputs/ab_des_mpnn/ab_des_87_dldesign_0.pdb,EVQLVESGGGLVQPGGSLRLSCAASGFDFSKGYIHWVRQAPGKGLEWVARINPANGGTRYADSVKGRFTISADTSKNTAYLQMNSLRAEDTAVYYCSYEENGFLTGWGQGTLVTVSSAS,DIQMTQSPSSLSASVGDRVTITATTSQEVGNAIGWYQQKPGKAPKLLIRDSSTRVGGVPSRFSGSRSGTDFTLTISSLQPEDFATYYQQETAHDPLGFGQGTKVEIKRTV,YEENGFLT,119,110,8,ok,REMARK_PDBinfo-LABEL,missing
ab_des_88_dldesign_0,/content/drive/MyDrive/Algo/1N8Z/HER2_Outputs/ab_des_mpnn/ab_des_88_dldesign_0.pdb,EVQLVESGGGLVQPGGSLRLSCAASGVAITSGYIHWVRQAPGKGLEWVARIHPATGGTRYADSVKGRFTISADTSKNTAYLQMNSLRAEDTAVYYCSLIGLPNPGWGQGTLVTVSSAS,DIQMTQSPSSLSASVGDRVTITSKTSTGVSNIGWYQQKPGKAPKLLIYNADTRVGGVPSRFSGSRSGTDFTLTISSLQPEDFATYYSVTVEREDKPIGFGQGTKVEIKRTV,LIGLPNP,118,111,7,ok,REMARK_PDBinfo-LABEL,missing
ab_des_89_dldesign_0,/content/drive/MyDrive/Algo/1N8Z/HER2_Outputs/ab_des_mpnn/ab_des_89_dldesign_0.pdb,EVQLVESGGGLVQPGGSLRLSCAASGFDISKGYIHWVRQAPGKGLEWVARIHPATGGTRYADSVKGRFTISADTSKNTAYLQMNSLRAEDTAVYYCSLWSTSGWGQGTLVTVSSAS,DIQMTQSPSSLSASVGDRVTITAKASSEVPSGIGWYQQKPGKAPKLLIRDASVREGGVPSRFSGSRSGTDFTLTISSLQPEDFATYYQVEFTTEPVGFGQGTKVEIKRTV,LWSTS,116,110,5,ok,REMARK_PDBinfo-LABEL,missing
ab_des_8_dldesign_0,/content/drive/MyDrive/Algo/1N8Z/HER2_Outputs/ab_des_mpnn/ab_des_8_dldesign_0.pdb,EVQLVESGGGLVQPGGSLRLSCAASGVDIRYGYIHWVRQAPGKGLEWVARIHPGTGGTRYADSVKGRFTISADTSKNTAYLQMNSLRAEDTAVYYCSIGYYLGPLWGWGQGTLVTVSSAS,DIQMTQSPSSLSASVGDRVTITSTASRGVSNVGWYQQKPGKAPKLLIYGASTRAGGVPSRFSGSRSGTDFTLTISSLQPEDFATYYAQDFSTEPYGFGQGTKVEIKRTV,IGYYLGPLW,120,109,9,ok,REMARK_PDBinfo-LABEL,missing
ab_des_90_dldesign_0,/content/drive/MyDrive/Algo/1N8Z/HER2_Outputs/ab_des_mpnn/ab_des_90_dldesign_0.pdb,EVQLVESGGGLVQPGGSLRLSCAASGFDFTKGYIHWVRQAPGKGLEWVARIHPSTGGTRYADSVKGRFTISADTSKNTAYLQMNSLRAEDTAVYYCSYEVNGHLVGWGQGTLVTVSSAS,DIQMTQSPSSLSASVGDRVTITGKSSRPVNARDIGWYQQKPGKAPKLLIYDASTLAGGVPSRFSGSRSGTDFTLTISSLQPEDFATYYVEVRAEDPWGFGQGTKVEIKRTV,YEVNGHLV,119,111,8,ok,REMARK_PDBinfo-LABEL,missing
ab_des_91_dldesign_0,/content/drive/MyDrive/Algo/1N8Z/HER2_Outputs/ab_des_mpnn/ab_des_91_dldesign_0.pdb,EVQLVESGGGLVQPGGSLRLSCAASGFDISQGYIHWVRQAPGKGLEWVARINVATGGTRYADSVKGRFTISADTSKNTAYLQMNSLRAEDTAVYYCSLSIRSGYSYTPYGWGQGTLVTVSSAS,DIQMTQSPSSLSASVGDRVTITSTASRPVPASAVGWYQQKPGKAPKLLIYAATTRAGGVPSRFSGSRSGTDFTLTISSLQPEDFATYYAYYGGGDPLGFGQGTKVEIKRTV,LSIRSGYSYTPY,123,111,12,ok,REMARK_PDBinfo-LABEL,missing
ab_des_92_dldesign_0,/content/drive/MyDrive/Algo/1N8Z/HER2_Outputs/ab_des_mpnn/ab_des_92_dldesign_0.pdb,EVQLVESGGGLVQPGGSLRLSCAASGFDLSRGYIHWVRQAPGKGLEWVARVHPGTGGTRYADSVKGRFTISADTSKNTAYLQMNSLRAEDTAVYYCSLNIFTGWGQGTLVTVSSAS,DIQMTQSPSSLSASVGDRVTITAKTSRPVPASNIGWYQQKPGKAPKLLIMFASIKPGGVPSRFSGSRSGTDFTLTISSLQPEDFATYYFLVRSPGPNPYGFGQGTKVEIKRTV,LNIFT,116,113,5,ok,REMARK_PDBinfo-LABEL,missing
ab_des_93_dldesign_0,/content/drive/MyDrive/Algo/1N8Z/HER2_Outputs/ab_des_mpnn/ab_des_93_dldesign_0.pdb,EVQLVESGGGLVQPGGSLRLSCAASGLDLRQGYIHWVRQAPGKGLEWVARIHPGSGGTRYADSVKGRFTISADTSKNTAYLQMNSLRAEDTAVYYCSLGRRGSSNSITLFGWGQGTLVTVSSAS,DIQMTQSPSSLSASVGDRVTITSKTSGPVNASSIGWYQQKPGKAPKLLIYSASTLAGGVPSRFSGSRSGTDFTLTISSLQPEDFATYYSYVGDTTSGGLGFGQGTKVEIKRTV,LGRRGSSNSITLF,124,113,13,ok,REMARK_PDBinfo-LABEL,missing
ab_des_94_dldesign_0,/content/drive/MyDrive/Algo/1N8Z/HER2_Outputs/ab_des_mpnn/ab_des_94_dldesign_0.pdb,EVQLVESGGGLVQPGGSLRLSCAASGFDISSGYIHWVRQAPGKGLEWVARIHPASGGTRYADSVKGRFTISADTSKNTAYLQMNSLRAEDTAVYYCSYGDAGASLYGWGQGTLVTVSSAS,DIQMTQSPSSLSASVGDRVTITATASEPVPDSSQIGWYQQKPGKAPKLLIYAASTRAGGVPSRFSGSRSGTDFTLTISSLQPEDFATYYVRVAARRPLGFGQGTKVEIKRTV,YGDAGASLY,120,112,9,ok,REMARK_PDBinfo-LABEL,missing
ab_des_95_dldesign_0,/content/drive/MyDrive/Algo/1N8Z/HER2_Outputs/ab_des_mpnn/ab_des_95_dldesign_0.pdb,EVQLVESGGGLVQPGGSLRLSCAASGFDLSKGYIHWVRQAPGKGLEWVARIHPATGGTRYADSVKGRFTISADTSKNTAYLQMNSLRAEDTAVYYCSSGSRATGALWGWGQGTLVTVSSAS,DIQMTQSPSSLSASVGDRVTITSKTSSETLVGWYQQKPGKAPKLLIYDASIRAGGVPSRFSGSRSGTDFTLTISSLQPEDFATYYAYVYDYATDRLGFGQGTKVEIKRTV,SGSRATGALW,121,110,10,ok,REMARK_PDBinfo-LABEL,missing
ab_des_96_dldesign_0,/content/drive/MyDrive/Algo/1N8Z/HER2_Outputs/ab_des_mpnn/ab_des_96_dldesign_0.pdb,EVQLVESGGGLVQPGGSLRLSCAASGFDFSSGYIHWVRQAPGKGLEWVARIHPGTGGTRYADSVKGRFTISADTSKNTAYLQMNSLRAEDTAVYYCSTDDLENHLPSLAGWGQGTLVTVSSAS,DIQMTQSPSSLSASVGDRVTITSTASREVVNVGWYQQKPGKAPKLLIYRASERAGGVPSRFSGSRSGTDFTLTISSLQPEDFATYYAYAYDLETDLLGFGQGTKVEIKRTV,TDDLENHLPSLA,123,111,12,ok,REMARK_PDBinfo-LABEL,missing
ab_des_97_dldesign_0,/content/drive/MyDrive/Algo/1N8Z/HER2_Outputs/ab_des_mpnn/ab_des_97_dldesign_0.pdb,EVQLVESGGGLVQPGGSLRLSCAASGFDFTRGYIHWVRQAPGKGLEWVARINPSSGGTRYADSVKGRFTISADTSKNTAYLQMNSLRAEDTAVYYCSRRDLSTGSGALAGWGQGTLVTVSSAS,DIQMTQSPSSLSASVGDRVTITSKASRETDVGWYQQKPGKAPKLLIKDNEERVGGVPSRFSGSRSGTDFTLTISSLQPEDFATYYAYAYDYNSNLGFGQGTKVEIKRTV,RRDLSTGSGALA,123,109,12,ok,REMARK_PDBinfo-LABEL,missing
ab_des_98_dldesign_0,/content/drive/MyDrive/Algo/1N8Z/HER2_Outputs/ab_des_mpnn/ab_des_98_dldesign_0.pdb,EVQLVESGGGLVQPGGSLRLSCAASGFDITDGYIHWVRQAPGKGLEWVARIQPANGGTRYADSVKGRFTISADTSKNTAYLQMNSLRAEDTAVYYCSYSWRGVLWGWGQGTLVTVSSAS,DIQMTQSPSSLSASVGDRVTITAKTSVEVANHVGWYQQKPGKAPKLLIYNTSTRAGGVPSRFSGSRSGTDFTLTISSLQPEDFATYYQYVSDDLYGDLGFGQGTKVEIKRTV,YSWRGVLW,119,112,8,ok,REMARK_PDBinfo-LABEL,missing
ab_des_99_dldesign_0,/content/drive/MyDrive/Algo/1N8Z/HER2_Outputs/ab_des_mpnn/ab_des_99_dldesign_0.pdb,EVQLVESGGGLVQPGGSLRLSCAASGFDFTDGYIHWVRQAPGKGLEWVARIHPATGGTRYADSVKGRFTISADTSKNTAYLQMNSLRAEDTAVYYCSRSPGESDYLSGWGQGTLVTVSSAS,DIQMTQSPSSLSASVGDRVTITGKTSRPVPASYIGWYQQKPGKAPKLLIYDASERPGGVPSRFSGSRSGTDFTLTISSLQPEDFATYYVQVTATEPIGFGQGTKVEIKRTV,RSPGESDYLS,121,111,10,ok,REMARK_PDBinfo-LABEL,missing
ab_des_9_dldesign_0,/content/drive/MyDrive/Algo/1N8Z/HER2_Outputs/ab_des_mpnn/ab_des_9_dldesign_0.pdb,EVQLVESGGGLVQPGGSLRLSCAASGFDITNGYIHWVRQAPGKGLEWVARIHPLTGGTRYADSVKGRFTISADTSKNTAYLQMNSLRAEDTAVYYCSYSANPGNPVLFGWGQGTLVTVSSAS,DIQMTQSPSSLSASVGDRVTITSKTSSVVGNGVGWYQQKPGKAPKLLISHASARPGGVPSRFSGSRSGTDFTLTISSLQPEDFATYYSQVSHPSSGVGFGQGTKVEIKRTV,YSANPGNPVLF,122,111,11,ok,REMARK_PDBinfo-LABEL,missing
